Using pre-set license
Built from '6000.1/staging' branch; Version is '6000.1.0f1 (9ea152932a88) revision 10395986'; Using compiler version '194234433'; Build Type 'Release'
OS: 'Windows 11  (10.0.26100) 64bit Core' Language: 'es' Physical Memory: 32472 MB
BatchMode: 1, IsHumanControllingUs: 0, StartBugReporterOnCrash: 0, Is64bit: 1, IsPro: 1
Date: 2025-09-29T00:04:10Z

COMMAND LINE ARGUMENTS:
C:\Program Files\Unity\Hub\Editor\6000.1.0f1\Editor\Unity.exe
-adb2
-batchMode
-noUpm
-name
AssetImportWorker0
-projectPath
C:/Users/vpmf2/Desktop/gamedesing/CamionSimulator
-logFile
Logs/AssetImportWorker0.log
-srvPort
49215
-job-worker-count
7
-background-job-worker-count
8
-gc-helper-count
1
-name
AssetImport
Successfully changed project path to: C:/Users/vpmf2/Desktop/gamedesing/CamionSimulator
C:/Users/vpmf2/Desktop/gamedesing/CamionSimulator
[UnityMemory] Configuration Parameters - Can be set up in boot.config
    "memorysetup-allocator-temp-initial-block-size-main=262144"
    "memorysetup-allocator-temp-initial-block-size-worker=262144"
    "memorysetup-bucket-allocator-granularity=16"
    "memorysetup-bucket-allocator-bucket-count=8"
    "memorysetup-bucket-allocator-block-size=33554432"
    "memorysetup-bucket-allocator-block-count=8"
    "memorysetup-main-allocator-block-size=16777216"
    "memorysetup-thread-allocator-block-size=16777216"
    "memorysetup-gfx-main-allocator-block-size=16777216"
    "memorysetup-gfx-thread-allocator-block-size=16777216"
    "memorysetup-cache-allocator-block-size=4194304"
    "memorysetup-typetree-allocator-block-size=2097152"
    "memorysetup-profiler-bucket-allocator-granularity=16"
    "memorysetup-profiler-bucket-allocator-bucket-count=8"
    "memorysetup-profiler-bucket-allocator-block-size=33554432"
    "memorysetup-profiler-bucket-allocator-block-count=8"
    "memorysetup-profiler-allocator-block-size=16777216"
    "memorysetup-profiler-editor-allocator-block-size=1048576"
    "memorysetup-temp-allocator-size-main=16777216"
    "memorysetup-job-temp-allocator-block-size=2097152"
    "memorysetup-job-temp-allocator-block-size-background=1048576"
    "memorysetup-job-temp-allocator-reduction-small-platforms=262144"
    "memorysetup-temp-allocator-size-background-worker=32768"
    "memorysetup-temp-allocator-size-job-worker=262144"
    "memorysetup-temp-allocator-size-preload-manager=33554432"
    "memorysetup-temp-allocator-size-nav-mesh-worker=65536"
    "memorysetup-temp-allocator-size-audio-worker=65536"
    "memorysetup-temp-allocator-size-cloud-worker=32768"
    "memorysetup-temp-allocator-size-gi-baking-worker=262144"
    "memorysetup-temp-allocator-size-gi-baking-worker=262144"
    "memorysetup-temp-allocator-size-gi-baking-worker=262144"
    "memorysetup-temp-allocator-size-gi-baking-worker=262144"
    "memorysetup-temp-allocator-size-gi-baking-worker=262144"
    "memorysetup-temp-allocator-size-gfx=262144"
Player connection [37444]  Target information:

Player connection [37444]  * "[IP] 10.0.0.12 [Port] 0 [Flags] 2 [Guid] 3620201232 [EditorId] 3620201232 [Version] 1048832 [Id] WindowsEditor(7,MSI) [Debug] 1 [PackageName] WindowsEditor [ProjectName] Editor" 

Player connection [37444] Host joined multi-casting on [225.0.0.222:54997]...
Player connection [37444] Host joined alternative multi-casting on [225.0.0.222:34997]...
JobSystem: Creating JobQueue using job-worker-count value 7
Input System module state changed to: Initialized.
[Physics::Module] Initialized fallback backend.
[Physics::Module] Id: 0xdecafbad
Library Redirect Path: Library/
[Physics::Module] Selected backend.
[Physics::Module] Name: PhysX
[Physics::Module] Id: 0xf2b8ea05
[Physics::Module] SDK Version: 4.1.2
[Physics::Module] Integration Version: 1.0.0
[Physics::Module] Threading Mode: Multi-Threaded
Refreshing native plugins compatible for Editor in 4.58 ms, found 4 plugins.
Preloading 0 native plugins for Editor in 0.00 ms.
Initialize engine version: 6000.1.0f1 (9ea152932a88)
[Subsystems] Discovering subsystems at path C:/Program Files/Unity/Hub/Editor/6000.1.0f1/Editor/Data/Resources/UnitySubsystems
[Subsystems] Discovering subsystems at path C:/Users/vpmf2/Desktop/gamedesing/CamionSimulator/Assets
GfxDevice: creating device client; kGfxThreadingModeNonThreaded
Direct3D:
    Version:         Direct3D 12 [level 12.1]
    Renderer:        NVIDIA GeForce RTX 3060 Laptop GPU (ID=0x2520)
    Vendor:          NVIDIA
    VRAM:            6023 MB
    App VRAM Budget: 5255 MB
    Driver:          30.0.15.1165
Initialize mono
Mono path[0] = 'C:/Program Files/Unity/Hub/Editor/6000.1.0f1/Editor/Data/Managed'
Mono path[1] = 'C:/Program Files/Unity/Hub/Editor/6000.1.0f1/Editor/Data/MonoBleedingEdge/lib/mono/unityjit-win32'
Mono config path = 'C:/Program Files/Unity/Hub/Editor/6000.1.0f1/Editor/Data/MonoBleedingEdge/etc'
Using monoOptions --debugger-agent=transport=dt_socket,embedding=1,server=y,suspend=n,address=127.0.0.1:56276
Begin MonoManager ReloadAssembly
Registering precompiled unity dll's ...
Register platform support module: C:/Program Files/Unity/Hub/Editor/6000.1.0f1/Editor/Data/PlaybackEngines/WindowsStandaloneSupport/UnityEditor.WindowsStandalone.Extensions.dll
Registered in 0.001814 seconds.
- Loaded All Assemblies, in  0.331 seconds
Native extension for WindowsStandalone target not found
Mono: successfully reloaded assembly
- Finished resetting the current domain, in  0.284 seconds
Domain Reload Profiling: 613ms
	BeginReloadAssembly (118ms)
		ExecutionOrderSort (0ms)
		DisableScriptedObjects (0ms)
		BackupInstance (0ms)
		ReleaseScriptingObjects (0ms)
		CreateAndSetChildDomain (1ms)
	RebuildCommonClasses (33ms)
	RebuildNativeTypeToScriptingClass (9ms)
	initialDomainReloadingComplete (42ms)
	LoadAllAssembliesAndSetupDomain (127ms)
		LoadAssemblies (114ms)
		RebuildTransferFunctionScriptingTraits (0ms)
		AnalyzeDomain (125ms)
			TypeCache.Refresh (123ms)
				TypeCache.ScanAssembly (112ms)
			BuildScriptInfoCaches (0ms)
			ResolveRequiredComponents (0ms)
	FinalizeReload (284ms)
		ReleaseScriptCaches (0ms)
		RebuildScriptCaches (0ms)
		SetupLoadedEditorAssemblies (243ms)
			LogAssemblyErrors (0ms)
			InitializePlatformSupportModulesInManaged (45ms)
			SetLoadedEditorAssemblies (3ms)
			BeforeProcessingInitializeOnLoad (42ms)
			ProcessInitializeOnLoadAttributes (103ms)
			ProcessInitializeOnLoadMethodAttributes (49ms)
			AfterProcessingInitializeOnLoad (0ms)
			EditorAssembliesLoaded (0ms)
		ExecutionOrderSort2 (0ms)
		AwakeInstancesAfterBackupRestoration (0ms)
========================================================================
Worker process is ready to serve import requests
Import Worker Mode flag is 0x00
Begin MonoManager ReloadAssembly
- Loaded All Assemblies, in  0.799 seconds
Refreshing native plugins compatible for Editor in 1.95 ms, found 4 plugins.
Native extension for WindowsStandalone target not found
Mono: successfully reloaded assembly
- Finished resetting the current domain, in  0.776 seconds
Domain Reload Profiling: 1569ms
	BeginReloadAssembly (155ms)
		ExecutionOrderSort (0ms)
		DisableScriptedObjects (5ms)
		BackupInstance (0ms)
		ReleaseScriptingObjects (0ms)
		CreateAndSetChildDomain (31ms)
	RebuildCommonClasses (37ms)
	RebuildNativeTypeToScriptingClass (11ms)
	initialDomainReloadingComplete (46ms)
	LoadAllAssembliesAndSetupDomain (544ms)
		LoadAssemblies (378ms)
		RebuildTransferFunctionScriptingTraits (0ms)
		AnalyzeDomain (254ms)
			TypeCache.Refresh (187ms)
				TypeCache.ScanAssembly (173ms)
			BuildScriptInfoCaches (54ms)
			ResolveRequiredComponents (10ms)
	FinalizeReload (776ms)
		ReleaseScriptCaches (0ms)
		RebuildScriptCaches (0ms)
		SetupLoadedEditorAssemblies (639ms)
			LogAssemblyErrors (0ms)
			InitializePlatformSupportModulesInManaged (2ms)
			SetLoadedEditorAssemblies (5ms)
			BeforeProcessingInitializeOnLoad (112ms)
			ProcessInitializeOnLoadAttributes (404ms)
			ProcessInitializeOnLoadMethodAttributes (108ms)
			AfterProcessingInitializeOnLoad (8ms)
			EditorAssembliesLoaded (0ms)
		ExecutionOrderSort2 (0ms)
		AwakeInstancesAfterBackupRestoration (7ms)
Launched and connected shader compiler UnityShaderCompiler.exe after 0.01 seconds
Refreshing native plugins compatible for Editor in 1.78 ms, found 4 plugins.
Preloading 0 native plugins for Editor in 0.00 ms.
Unloading 217 Unused Serialized files (Serialized files now loaded: 0)
Unloading 6734 unused Assets / (6.8 MB). Loaded Objects now: 7402.
Memory consumption went from 175.2 MB to 168.3 MB.
Total: 10.279900 ms (FindLiveObjects: 0.929300 ms CreateObjectMapping: 0.595400 ms MarkObjects: 4.657000 ms  DeleteObjects: 4.096700 ms)

========================================================================
Received Import Request.
  Time since last request: 989615.908431 seconds.
  path: Assets/Scrips/Weapon.cs
  artifactKey: Guid(ccd1a2717ef00014eabd78543231714f) Importer(815301076,1909f56bfc062723c751e8b465ee728b)
Start importing Assets/Scrips/Weapon.cs using Guid(ccd1a2717ef00014eabd78543231714f) Importer(815301076,1909f56bfc062723c751e8b465ee728b) (PreviewImporter) -> (artifact id: 'c82c0d46d1889c32cd2e70322eb6e3dc') in 0.0108819 seconds
Number of updated asset objects reloaded before import = 0Number of asset objects unloaded after import = 0

========================================================================
Received Prepare
Begin MonoManager ReloadAssembly
- Loaded All Assemblies, in  1.255 seconds
Refreshing native plugins compatible for Editor in 4.33 ms, found 4 plugins.
Native extension for WindowsStandalone target not found
Mono: successfully reloaded assembly
- Finished resetting the current domain, in  1.094 seconds
Domain Reload Profiling: 2338ms
	BeginReloadAssembly (294ms)
		ExecutionOrderSort (0ms)
		DisableScriptedObjects (18ms)
		BackupInstance (0ms)
		ReleaseScriptingObjects (0ms)
		CreateAndSetChildDomain (59ms)
	RebuildCommonClasses (50ms)
	RebuildNativeTypeToScriptingClass (20ms)
	initialDomainReloadingComplete (58ms)
	LoadAllAssembliesAndSetupDomain (822ms)
		LoadAssemblies (649ms)
		RebuildTransferFunctionScriptingTraits (0ms)
		AnalyzeDomain (328ms)
			TypeCache.Refresh (12ms)
				TypeCache.ScanAssembly (0ms)
			BuildScriptInfoCaches (293ms)
			ResolveRequiredComponents (17ms)
	FinalizeReload (1094ms)
		ReleaseScriptCaches (0ms)
		RebuildScriptCaches (0ms)
		SetupLoadedEditorAssemblies (817ms)
			LogAssemblyErrors (0ms)
			InitializePlatformSupportModulesInManaged (2ms)
			SetLoadedEditorAssemblies (9ms)
			BeforeProcessingInitializeOnLoad (208ms)
			ProcessInitializeOnLoadAttributes (490ms)
			ProcessInitializeOnLoadMethodAttributes (95ms)
			AfterProcessingInitializeOnLoad (12ms)
			EditorAssembliesLoaded (0ms)
		ExecutionOrderSort2 (0ms)
		AwakeInstancesAfterBackupRestoration (24ms)
Refreshing native plugins compatible for Editor in 3.93 ms, found 4 plugins.
Preloading 0 native plugins for Editor in 0.00 ms.
Unloading 36 Unused Serialized files (Serialized files now loaded: 0)
Unloading 6732 unused Assets / (6.2 MB). Loaded Objects now: 7407.
Memory consumption went from 150.9 MB to 144.7 MB.
Total: 10.866400 ms (FindLiveObjects: 1.008200 ms CreateObjectMapping: 0.697800 ms MarkObjects: 5.810100 ms  DeleteObjects: 3.349100 ms)

Prepare: number of updated asset objects reloaded= 0
========================================================================
Received Import Request.
  Time since last request: 9.283106 seconds.
  path: Assets/Scrips/Weapon.cs
  artifactKey: Guid(ccd1a2717ef00014eabd78543231714f) Importer(815301076,1909f56bfc062723c751e8b465ee728b)
Start importing Assets/Scrips/Weapon.cs using Guid(ccd1a2717ef00014eabd78543231714f) Importer(815301076,1909f56bfc062723c751e8b465ee728b) (PreviewImporter) -> (artifact id: '00000000000000000000000000000000') in 0.0017232 seconds
Import Error Code:(4)
Message: Build asset version error: assets/scrips/weapon.cs in SourceAssetDB has modification time of '2025-09-29T00:04:09.9827828Z' while content on disk has modification time of '2025-09-29T00:04:20.7407125Z'
  ERROR: Build asset version error: assets/scrips/weapon.cs in SourceAssetDB has modification time of '2025-09-29T00:04:09.9827828Z' while content on disk has modification time of '2025-09-29T00:04:20.7407125Z'
Number of updated asset objects reloaded before import = 0Number of asset objects unloaded after import = 0

========================================================================
Received Import Request.
  Time since last request: 0.000017 seconds.
  path: Assets/Scrips/Weapon.cs
  artifactKey: Guid(ccd1a2717ef00014eabd78543231714f) Importer(815301076,1909f56bfc062723c751e8b465ee728b)
Start importing Assets/Scrips/Weapon.cs using Guid(ccd1a2717ef00014eabd78543231714f) Importer(815301076,1909f56bfc062723c751e8b465ee728b) (PreviewImporter) -> (artifact id: '00000000000000000000000000000000') in 0.0007617 seconds
Import Error Code:(4)
Message: Build asset version error: assets/scrips/weapon.cs in SourceAssetDB has modification time of '2025-09-29T00:04:09.9827828Z' while content on disk has modification time of '2025-09-29T00:04:20.7407125Z'
  ERROR: Build asset version error: assets/scrips/weapon.cs in SourceAssetDB has modification time of '2025-09-29T00:04:09.9827828Z' while content on disk has modification time of '2025-09-29T00:04:20.7407125Z'
Number of updated asset objects reloaded before import = 0Number of asset objects unloaded after import = 0

========================================================================
Received Import Request.
  Time since last request: 0.000017 seconds.
  path: Assets/Scrips/Weapon.cs
  artifactKey: Guid(ccd1a2717ef00014eabd78543231714f) Importer(815301076,1909f56bfc062723c751e8b465ee728b)
Start importing Assets/Scrips/Weapon.cs using Guid(ccd1a2717ef00014eabd78543231714f) Importer(815301076,1909f56bfc062723c751e8b465ee728b) (PreviewImporter) -> (artifact id: '00000000000000000000000000000000') in 0.0009586 seconds
Import Error Code:(4)
Message: Build asset version error: assets/scrips/weapon.cs in SourceAssetDB has modification time of '2025-09-29T00:04:09.9827828Z' while content on disk has modification time of '2025-09-29T00:04:20.7407125Z'
  ERROR: Build asset version error: assets/scrips/weapon.cs in SourceAssetDB has modification time of '2025-09-29T00:04:09.9827828Z' while content on disk has modification time of '2025-09-29T00:04:20.7407125Z'
Number of updated asset objects reloaded before import = 0Number of asset objects unloaded after import = 0

========================================================================
Received Import Request.
  Time since last request: 0.000018 seconds.
  path: Assets/Scrips/Weapon.cs
  artifactKey: Guid(ccd1a2717ef00014eabd78543231714f) Importer(815301076,1909f56bfc062723c751e8b465ee728b)
Start importing Assets/Scrips/Weapon.cs using Guid(ccd1a2717ef00014eabd78543231714f) Importer(815301076,1909f56bfc062723c751e8b465ee728b) (PreviewImporter) -> (artifact id: '00000000000000000000000000000000') in 0.0006683 seconds
Import Error Code:(4)
Message: Build asset version error: assets/scrips/weapon.cs in SourceAssetDB has modification time of '2025-09-29T00:04:09.9827828Z' while content on disk has modification time of '2025-09-29T00:04:20.7407125Z'
  ERROR: Build asset version error: assets/scrips/weapon.cs in SourceAssetDB has modification time of '2025-09-29T00:04:09.9827828Z' while content on disk has modification time of '2025-09-29T00:04:20.7407125Z'
Number of updated asset objects reloaded before import = 0Number of asset objects unloaded after import = 0

========================================================================
Received Import Request.
  Time since last request: 0.000026 seconds.
  path: Assets/Scrips/Weapon.cs
  artifactKey: Guid(ccd1a2717ef00014eabd78543231714f) Importer(815301076,1909f56bfc062723c751e8b465ee728b)
Start importing Assets/Scrips/Weapon.cs using Guid(ccd1a2717ef00014eabd78543231714f) Importer(815301076,1909f56bfc062723c751e8b465ee728b) (PreviewImporter) -> (artifact id: '00000000000000000000000000000000') in 0.0004933 seconds
Import Error Code:(4)
Message: Build asset version error: assets/scrips/weapon.cs in SourceAssetDB has modification time of '2025-09-29T00:04:09.9827828Z' while content on disk has modification time of '2025-09-29T00:04:20.7407125Z'
  ERROR: Build asset version error: assets/scrips/weapon.cs in SourceAssetDB has modification time of '2025-09-29T00:04:09.9827828Z' while content on disk has modification time of '2025-09-29T00:04:20.7407125Z'
Number of updated asset objects reloaded before import = 0Number of asset objects unloaded after import = 0

========================================================================
Received Import Request.
  Time since last request: 0.000016 seconds.
  path: Assets/Scrips/Weapon.cs
  artifactKey: Guid(ccd1a2717ef00014eabd78543231714f) Importer(815301076,1909f56bfc062723c751e8b465ee728b)
Start importing Assets/Scrips/Weapon.cs using Guid(ccd1a2717ef00014eabd78543231714f) Importer(815301076,1909f56bfc062723c751e8b465ee728b) (PreviewImporter) -> (artifact id: '00000000000000000000000000000000') in 0.0008476 seconds
Import Error Code:(4)
Message: Build asset version error: assets/scrips/weapon.cs in SourceAssetDB has modification time of '2025-09-29T00:04:09.9827828Z' while content on disk has modification time of '2025-09-29T00:04:20.7407125Z'
  ERROR: Build asset version error: assets/scrips/weapon.cs in SourceAssetDB has modification time of '2025-09-29T00:04:09.9827828Z' while content on disk has modification time of '2025-09-29T00:04:20.7407125Z'
Number of updated asset objects reloaded before import = 0Number of asset objects unloaded after import = 0

========================================================================
Received Import Request.
  Time since last request: 0.000016 seconds.
  path: Assets/Scrips/Weapon.cs
  artifactKey: Guid(ccd1a2717ef00014eabd78543231714f) Importer(815301076,1909f56bfc062723c751e8b465ee728b)
Start importing Assets/Scrips/Weapon.cs using Guid(ccd1a2717ef00014eabd78543231714f) Importer(815301076,1909f56bfc062723c751e8b465ee728b) (PreviewImporter) -> (artifact id: '00000000000000000000000000000000') in 0.0011051 seconds
Import Error Code:(4)
Message: Build asset version error: assets/scrips/weapon.cs in SourceAssetDB has modification time of '2025-09-29T00:04:09.9827828Z' while content on disk has modification time of '2025-09-29T00:04:20.7407125Z'
  ERROR: Build asset version error: assets/scrips/weapon.cs in SourceAssetDB has modification time of '2025-09-29T00:04:09.9827828Z' while content on disk has modification time of '2025-09-29T00:04:20.7407125Z'
Number of updated asset objects reloaded before import = 0Number of asset objects unloaded after import = 0

========================================================================
Received Import Request.
  Time since last request: 0.000019 seconds.
  path: Assets/Scrips/Weapon.cs
  artifactKey: Guid(ccd1a2717ef00014eabd78543231714f) Importer(815301076,1909f56bfc062723c751e8b465ee728b)
Start importing Assets/Scrips/Weapon.cs using Guid(ccd1a2717ef00014eabd78543231714f) Importer(815301076,1909f56bfc062723c751e8b465ee728b) (PreviewImporter) -> (artifact id: '00000000000000000000000000000000') in 0.0010507 seconds
Import Error Code:(4)
Message: Build asset version error: assets/scrips/weapon.cs in SourceAssetDB has modification time of '2025-09-29T00:04:09.9827828Z' while content on disk has modification time of '2025-09-29T00:04:20.7407125Z'
  ERROR: Build asset version error: assets/scrips/weapon.cs in SourceAssetDB has modification time of '2025-09-29T00:04:09.9827828Z' while content on disk has modification time of '2025-09-29T00:04:20.7407125Z'
Number of updated asset objects reloaded before import = 0Number of asset objects unloaded after import = 0

========================================================================
Received Import Request.
  Time since last request: 0.000019 seconds.
  path: Assets/Scrips/Weapon.cs
  artifactKey: Guid(ccd1a2717ef00014eabd78543231714f) Importer(815301076,1909f56bfc062723c751e8b465ee728b)
Start importing Assets/Scrips/Weapon.cs using Guid(ccd1a2717ef00014eabd78543231714f) Importer(815301076,1909f56bfc062723c751e8b465ee728b) (PreviewImporter) -> (artifact id: '00000000000000000000000000000000') in 0.0005689 seconds
Import Error Code:(4)
Message: Build asset version error: assets/scrips/weapon.cs in SourceAssetDB has modification time of '2025-09-29T00:04:09.9827828Z' while content on disk has modification time of '2025-09-29T00:04:20.7407125Z'
  ERROR: Build asset version error: assets/scrips/weapon.cs in SourceAssetDB has modification time of '2025-09-29T00:04:09.9827828Z' while content on disk has modification time of '2025-09-29T00:04:20.7407125Z'
Number of updated asset objects reloaded before import = 0Number of asset objects unloaded after import = 0

========================================================================
Received Import Request.
  Time since last request: 0.000029 seconds.
  path: Assets/Scrips/Weapon.cs
  artifactKey: Guid(ccd1a2717ef00014eabd78543231714f) Importer(815301076,1909f56bfc062723c751e8b465ee728b)
Start importing Assets/Scrips/Weapon.cs using Guid(ccd1a2717ef00014eabd78543231714f) Importer(815301076,1909f56bfc062723c751e8b465ee728b) (PreviewImporter) -> (artifact id: '00000000000000000000000000000000') in 0.0005526 seconds
Import Error Code:(4)
Message: Build asset version error: assets/scrips/weapon.cs in SourceAssetDB has modification time of '2025-09-29T00:04:09.9827828Z' while content on disk has modification time of '2025-09-29T00:04:20.7407125Z'
  ERROR: Build asset version error: assets/scrips/weapon.cs in SourceAssetDB has modification time of '2025-09-29T00:04:09.9827828Z' while content on disk has modification time of '2025-09-29T00:04:20.7407125Z'
Number of updated asset objects reloaded before import = 0Number of asset objects unloaded after import = 0

========================================================================
Received Import Request.
  Time since last request: 0.000017 seconds.
  path: Assets/Scrips/Weapon.cs
  artifactKey: Guid(ccd1a2717ef00014eabd78543231714f) Importer(815301076,1909f56bfc062723c751e8b465ee728b)
Start importing Assets/Scrips/Weapon.cs using Guid(ccd1a2717ef00014eabd78543231714f) Importer(815301076,1909f56bfc062723c751e8b465ee728b) (PreviewImporter) -> (artifact id: '00000000000000000000000000000000') in 0.0005618 seconds
Import Error Code:(4)
Message: Build asset version error: assets/scrips/weapon.cs in SourceAssetDB has modification time of '2025-09-29T00:04:09.9827828Z' while content on disk has modification time of '2025-09-29T00:04:20.7407125Z'
  ERROR: Build asset version error: assets/scrips/weapon.cs in SourceAssetDB has modification time of '2025-09-29T00:04:09.9827828Z' while content on disk has modification time of '2025-09-29T00:04:20.7407125Z'
Number of updated asset objects reloaded before import = 0Number of asset objects unloaded after import = 0

========================================================================
Received Import Request.
  Time since last request: 0.000017 seconds.
  path: Assets/Scrips/Weapon.cs
  artifactKey: Guid(ccd1a2717ef00014eabd78543231714f) Importer(815301076,1909f56bfc062723c751e8b465ee728b)
Start importing Assets/Scrips/Weapon.cs using Guid(ccd1a2717ef00014eabd78543231714f) Importer(815301076,1909f56bfc062723c751e8b465ee728b) (PreviewImporter) -> (artifact id: '00000000000000000000000000000000') in 0.0007788 seconds
Import Error Code:(4)
Message: Build asset version error: assets/scrips/weapon.cs in SourceAssetDB has modification time of '2025-09-29T00:04:09.9827828Z' while content on disk has modification time of '2025-09-29T00:04:20.7407125Z'
  ERROR: Build asset version error: assets/scrips/weapon.cs in SourceAssetDB has modification time of '2025-09-29T00:04:09.9827828Z' while content on disk has modification time of '2025-09-29T00:04:20.7407125Z'
Number of updated asset objects reloaded before import = 0Number of asset objects unloaded after import = 0

========================================================================
Received Import Request.
  Time since last request: 0.000017 seconds.
  path: Assets/Scrips/Weapon.cs
  artifactKey: Guid(ccd1a2717ef00014eabd78543231714f) Importer(815301076,1909f56bfc062723c751e8b465ee728b)
Start importing Assets/Scrips/Weapon.cs using Guid(ccd1a2717ef00014eabd78543231714f) Importer(815301076,1909f56bfc062723c751e8b465ee728b) (PreviewImporter) -> (artifact id: '00000000000000000000000000000000') in 0.000805 seconds
Import Error Code:(4)
Message: Build asset version error: assets/scrips/weapon.cs in SourceAssetDB has modification time of '2025-09-29T00:04:09.9827828Z' while content on disk has modification time of '2025-09-29T00:04:20.7407125Z'
  ERROR: Build asset version error: assets/scrips/weapon.cs in SourceAssetDB has modification time of '2025-09-29T00:04:09.9827828Z' while content on disk has modification time of '2025-09-29T00:04:20.7407125Z'
Number of updated asset objects reloaded before import = 0Number of asset objects unloaded after import = 0

========================================================================
Received Import Request.
  Time since last request: 0.000015 seconds.
  path: Assets/Scrips/Weapon.cs
  artifactKey: Guid(ccd1a2717ef00014eabd78543231714f) Importer(815301076,1909f56bfc062723c751e8b465ee728b)
Start importing Assets/Scrips/Weapon.cs using Guid(ccd1a2717ef00014eabd78543231714f) Importer(815301076,1909f56bfc062723c751e8b465ee728b) (PreviewImporter) -> (artifact id: '00000000000000000000000000000000') in 0.0006476 seconds
Import Error Code:(4)
Message: Build asset version error: assets/scrips/weapon.cs in SourceAssetDB has modification time of '2025-09-29T00:04:09.9827828Z' while content on disk has modification time of '2025-09-29T00:04:20.7407125Z'
  ERROR: Build asset version error: assets/scrips/weapon.cs in SourceAssetDB has modification time of '2025-09-29T00:04:09.9827828Z' while content on disk has modification time of '2025-09-29T00:04:20.7407125Z'
Number of updated asset objects reloaded before import = 0Number of asset objects unloaded after import = 0

========================================================================
Received Import Request.
  Time since last request: 0.000027 seconds.
  path: Assets/Scrips/Weapon.cs
  artifactKey: Guid(ccd1a2717ef00014eabd78543231714f) Importer(815301076,1909f56bfc062723c751e8b465ee728b)
Start importing Assets/Scrips/Weapon.cs using Guid(ccd1a2717ef00014eabd78543231714f) Importer(815301076,1909f56bfc062723c751e8b465ee728b) (PreviewImporter) -> (artifact id: '00000000000000000000000000000000') in 0.00067 seconds
Import Error Code:(4)
Message: Build asset version error: assets/scrips/weapon.cs in SourceAssetDB has modification time of '2025-09-29T00:04:09.9827828Z' while content on disk has modification time of '2025-09-29T00:04:20.7407125Z'
  ERROR: Build asset version error: assets/scrips/weapon.cs in SourceAssetDB has modification time of '2025-09-29T00:04:09.9827828Z' while content on disk has modification time of '2025-09-29T00:04:20.7407125Z'
Number of updated asset objects reloaded before import = 0Number of asset objects unloaded after import = 0

========================================================================
Received Import Request.
  Time since last request: 0.000016 seconds.
  path: Assets/Scrips/Weapon.cs
  artifactKey: Guid(ccd1a2717ef00014eabd78543231714f) Importer(815301076,1909f56bfc062723c751e8b465ee728b)
Start importing Assets/Scrips/Weapon.cs using Guid(ccd1a2717ef00014eabd78543231714f) Importer(815301076,1909f56bfc062723c751e8b465ee728b) (PreviewImporter) -> (artifact id: '00000000000000000000000000000000') in 0.0006551 seconds
Import Error Code:(4)
Message: Build asset version error: assets/scrips/weapon.cs in SourceAssetDB has modification time of '2025-09-29T00:04:09.9827828Z' while content on disk has modification time of '2025-09-29T00:04:20.7407125Z'
  ERROR: Build asset version error: assets/scrips/weapon.cs in SourceAssetDB has modification time of '2025-09-29T00:04:09.9827828Z' while content on disk has modification time of '2025-09-29T00:04:20.7407125Z'
Number of updated asset objects reloaded before import = 0Number of asset objects unloaded after import = 0

========================================================================
Received Import Request.
  Time since last request: 0.000013 seconds.
  path: Assets/Scrips/Weapon.cs
  artifactKey: Guid(ccd1a2717ef00014eabd78543231714f) Importer(815301076,1909f56bfc062723c751e8b465ee728b)
Start importing Assets/Scrips/Weapon.cs using Guid(ccd1a2717ef00014eabd78543231714f) Importer(815301076,1909f56bfc062723c751e8b465ee728b) (PreviewImporter) -> (artifact id: '00000000000000000000000000000000') in 0.0006346 seconds
Import Error Code:(4)
Message: Build asset version error: assets/scrips/weapon.cs in SourceAssetDB has modification time of '2025-09-29T00:04:09.9827828Z' while content on disk has modification time of '2025-09-29T00:04:20.7407125Z'
  ERROR: Build asset version error: assets/scrips/weapon.cs in SourceAssetDB has modification time of '2025-09-29T00:04:09.9827828Z' while content on disk has modification time of '2025-09-29T00:04:20.7407125Z'
Number of updated asset objects reloaded before import = 0Number of asset objects unloaded after import = 0

========================================================================
Received Import Request.
  Time since last request: 0.000092 seconds.
  path: Assets/Scrips/Weapon.cs
  artifactKey: Guid(ccd1a2717ef00014eabd78543231714f) Importer(815301076,1909f56bfc062723c751e8b465ee728b)
Start importing Assets/Scrips/Weapon.cs using Guid(ccd1a2717ef00014eabd78543231714f) Importer(815301076,1909f56bfc062723c751e8b465ee728b) (PreviewImporter) -> (artifact id: '00000000000000000000000000000000') in 0.0006297 seconds
Import Error Code:(4)
Message: Build asset version error: assets/scrips/weapon.cs in SourceAssetDB has modification time of '2025-09-29T00:04:09.9827828Z' while content on disk has modification time of '2025-09-29T00:04:20.7407125Z'
  ERROR: Build asset version error: assets/scrips/weapon.cs in SourceAssetDB has modification time of '2025-09-29T00:04:09.9827828Z' while content on disk has modification time of '2025-09-29T00:04:20.7407125Z'
Number of updated asset objects reloaded before import = 0Number of asset objects unloaded after import = 0

========================================================================
Received Import Request.
  Time since last request: 0.000019 seconds.
  path: Assets/Scrips/Weapon.cs
  artifactKey: Guid(ccd1a2717ef00014eabd78543231714f) Importer(815301076,1909f56bfc062723c751e8b465ee728b)
Start importing Assets/Scrips/Weapon.cs using Guid(ccd1a2717ef00014eabd78543231714f) Importer(815301076,1909f56bfc062723c751e8b465ee728b) (PreviewImporter) -> (artifact id: '00000000000000000000000000000000') in 0.0005467 seconds
Import Error Code:(4)
Message: Build asset version error: assets/scrips/weapon.cs in SourceAssetDB has modification time of '2025-09-29T00:04:09.9827828Z' while content on disk has modification time of '2025-09-29T00:04:20.7407125Z'
  ERROR: Build asset version error: assets/scrips/weapon.cs in SourceAssetDB has modification time of '2025-09-29T00:04:09.9827828Z' while content on disk has modification time of '2025-09-29T00:04:20.7407125Z'
Number of updated asset objects reloaded before import = 0Number of asset objects unloaded after import = 0

========================================================================
Received Import Request.
  Time since last request: 0.000026 seconds.
  path: Assets/Scrips/Weapon.cs
  artifactKey: Guid(ccd1a2717ef00014eabd78543231714f) Importer(815301076,1909f56bfc062723c751e8b465ee728b)
Start importing Assets/Scrips/Weapon.cs using Guid(ccd1a2717ef00014eabd78543231714f) Importer(815301076,1909f56bfc062723c751e8b465ee728b) (PreviewImporter) -> (artifact id: '00000000000000000000000000000000') in 0.0020428 seconds
Import Error Code:(4)
Message: Build asset version error: assets/scrips/weapon.cs in SourceAssetDB has modification time of '2025-09-29T00:04:09.9827828Z' while content on disk has modification time of '2025-09-29T00:04:20.7407125Z'
  ERROR: Build asset version error: assets/scrips/weapon.cs in SourceAssetDB has modification time of '2025-09-29T00:04:09.9827828Z' while content on disk has modification time of '2025-09-29T00:04:20.7407125Z'
Number of updated asset objects reloaded before import = 0Number of asset objects unloaded after import = 0

========================================================================
Received Import Request.
  Time since last request: 0.000015 seconds.
  path: Assets/Scrips/Weapon.cs
  artifactKey: Guid(ccd1a2717ef00014eabd78543231714f) Importer(815301076,1909f56bfc062723c751e8b465ee728b)
Start importing Assets/Scrips/Weapon.cs using Guid(ccd1a2717ef00014eabd78543231714f) Importer(815301076,1909f56bfc062723c751e8b465ee728b) (PreviewImporter) -> (artifact id: '00000000000000000000000000000000') in 0.0006342 seconds
Import Error Code:(4)
Message: Build asset version error: assets/scrips/weapon.cs in SourceAssetDB has modification time of '2025-09-29T00:04:09.9827828Z' while content on disk has modification time of '2025-09-29T00:04:20.7407125Z'
  ERROR: Build asset version error: assets/scrips/weapon.cs in SourceAssetDB has modification time of '2025-09-29T00:04:09.9827828Z' while content on disk has modification time of '2025-09-29T00:04:20.7407125Z'
Number of updated asset objects reloaded before import = 0Number of asset objects unloaded after import = 0

========================================================================
Received Import Request.
  Time since last request: 0.000017 seconds.
  path: Assets/Scrips/Weapon.cs
  artifactKey: Guid(ccd1a2717ef00014eabd78543231714f) Importer(815301076,1909f56bfc062723c751e8b465ee728b)
Start importing Assets/Scrips/Weapon.cs using Guid(ccd1a2717ef00014eabd78543231714f) Importer(815301076,1909f56bfc062723c751e8b465ee728b) (PreviewImporter) -> (artifact id: '00000000000000000000000000000000') in 0.0008325 seconds
Import Error Code:(4)
Message: Build asset version error: assets/scrips/weapon.cs in SourceAssetDB has modification time of '2025-09-29T00:04:09.9827828Z' while content on disk has modification time of '2025-09-29T00:04:20.7407125Z'
  ERROR: Build asset version error: assets/scrips/weapon.cs in SourceAssetDB has modification time of '2025-09-29T00:04:09.9827828Z' while content on disk has modification time of '2025-09-29T00:04:20.7407125Z'
Number of updated asset objects reloaded before import = 0Number of asset objects unloaded after import = 0

========================================================================
Received Import Request.
  Time since last request: 0.000018 seconds.
  path: Assets/Scrips/Weapon.cs
  artifactKey: Guid(ccd1a2717ef00014eabd78543231714f) Importer(815301076,1909f56bfc062723c751e8b465ee728b)
Start importing Assets/Scrips/Weapon.cs using Guid(ccd1a2717ef00014eabd78543231714f) Importer(815301076,1909f56bfc062723c751e8b465ee728b) (PreviewImporter) -> (artifact id: '00000000000000000000000000000000') in 0.0006464 seconds
Import Error Code:(4)
Message: Build asset version error: assets/scrips/weapon.cs in SourceAssetDB has modification time of '2025-09-29T00:04:09.9827828Z' while content on disk has modification time of '2025-09-29T00:04:20.7407125Z'
  ERROR: Build asset version error: assets/scrips/weapon.cs in SourceAssetDB has modification time of '2025-09-29T00:04:09.9827828Z' while content on disk has modification time of '2025-09-29T00:04:20.7407125Z'
Number of updated asset objects reloaded before import = 0Number of asset objects unloaded after import = 0

========================================================================
Received Import Request.
  Time since last request: 0.000039 seconds.
  path: Assets/Scrips/Weapon.cs
  artifactKey: Guid(ccd1a2717ef00014eabd78543231714f) Importer(815301076,1909f56bfc062723c751e8b465ee728b)
Start importing Assets/Scrips/Weapon.cs using Guid(ccd1a2717ef00014eabd78543231714f) Importer(815301076,1909f56bfc062723c751e8b465ee728b) (PreviewImporter) -> (artifact id: '00000000000000000000000000000000') in 0.00066 seconds
Import Error Code:(4)
Message: Build asset version error: assets/scrips/weapon.cs in SourceAssetDB has modification time of '2025-09-29T00:04:09.9827828Z' while content on disk has modification time of '2025-09-29T00:04:20.7407125Z'
  ERROR: Build asset version error: assets/scrips/weapon.cs in SourceAssetDB has modification time of '2025-09-29T00:04:09.9827828Z' while content on disk has modification time of '2025-09-29T00:04:20.7407125Z'
Number of updated asset objects reloaded before import = 0Number of asset objects unloaded after import = 0

========================================================================
Received Import Request.
  Time since last request: 0.000016 seconds.
  path: Assets/Scrips/Weapon.cs
  artifactKey: Guid(ccd1a2717ef00014eabd78543231714f) Importer(815301076,1909f56bfc062723c751e8b465ee728b)
Start importing Assets/Scrips/Weapon.cs using Guid(ccd1a2717ef00014eabd78543231714f) Importer(815301076,1909f56bfc062723c751e8b465ee728b) (PreviewImporter) -> (artifact id: '00000000000000000000000000000000') in 0.0006499 seconds
Import Error Code:(4)
Message: Build asset version error: assets/scrips/weapon.cs in SourceAssetDB has modification time of '2025-09-29T00:04:09.9827828Z' while content on disk has modification time of '2025-09-29T00:04:20.7407125Z'
  ERROR: Build asset version error: assets/scrips/weapon.cs in SourceAssetDB has modification time of '2025-09-29T00:04:09.9827828Z' while content on disk has modification time of '2025-09-29T00:04:20.7407125Z'
Number of updated asset objects reloaded before import = 0Number of asset objects unloaded after import = 0

========================================================================
Received Import Request.
  Time since last request: 0.000016 seconds.
  path: Assets/Scrips/Weapon.cs
  artifactKey: Guid(ccd1a2717ef00014eabd78543231714f) Importer(815301076,1909f56bfc062723c751e8b465ee728b)
Start importing Assets/Scrips/Weapon.cs using Guid(ccd1a2717ef00014eabd78543231714f) Importer(815301076,1909f56bfc062723c751e8b465ee728b) (PreviewImporter) -> (artifact id: '00000000000000000000000000000000') in 0.0005513 seconds
Import Error Code:(4)
Message: Build asset version error: assets/scrips/weapon.cs in SourceAssetDB has modification time of '2025-09-29T00:04:09.9827828Z' while content on disk has modification time of '2025-09-29T00:04:20.7407125Z'
  ERROR: Build asset version error: assets/scrips/weapon.cs in SourceAssetDB has modification time of '2025-09-29T00:04:09.9827828Z' while content on disk has modification time of '2025-09-29T00:04:20.7407125Z'
Number of updated asset objects reloaded before import = 0Number of asset objects unloaded after import = 0

========================================================================
Received Import Request.
  Time since last request: 0.000019 seconds.
  path: Assets/Scrips/Weapon.cs
  artifactKey: Guid(ccd1a2717ef00014eabd78543231714f) Importer(815301076,1909f56bfc062723c751e8b465ee728b)
Start importing Assets/Scrips/Weapon.cs using Guid(ccd1a2717ef00014eabd78543231714f) Importer(815301076,1909f56bfc062723c751e8b465ee728b) (PreviewImporter) -> (artifact id: '00000000000000000000000000000000') in 0.0006554 seconds
Import Error Code:(4)
Message: Build asset version error: assets/scrips/weapon.cs in SourceAssetDB has modification time of '2025-09-29T00:04:09.9827828Z' while content on disk has modification time of '2025-09-29T00:04:20.7407125Z'
  ERROR: Build asset version error: assets/scrips/weapon.cs in SourceAssetDB has modification time of '2025-09-29T00:04:09.9827828Z' while content on disk has modification time of '2025-09-29T00:04:20.7407125Z'
Number of updated asset objects reloaded before import = 0Number of asset objects unloaded after import = 0

========================================================================
Received Import Request.
  Time since last request: 0.000027 seconds.
  path: Assets/Scrips/Weapon.cs
  artifactKey: Guid(ccd1a2717ef00014eabd78543231714f) Importer(815301076,1909f56bfc062723c751e8b465ee728b)
Start importing Assets/Scrips/Weapon.cs using Guid(ccd1a2717ef00014eabd78543231714f) Importer(815301076,1909f56bfc062723c751e8b465ee728b) (PreviewImporter) -> (artifact id: '00000000000000000000000000000000') in 0.000626 seconds
Import Error Code:(4)
Message: Build asset version error: assets/scrips/weapon.cs in SourceAssetDB has modification time of '2025-09-29T00:04:09.9827828Z' while content on disk has modification time of '2025-09-29T00:04:20.7407125Z'
  ERROR: Build asset version error: assets/scrips/weapon.cs in SourceAssetDB has modification time of '2025-09-29T00:04:09.9827828Z' while content on disk has modification time of '2025-09-29T00:04:20.7407125Z'
Number of updated asset objects reloaded before import = 0Number of asset objects unloaded after import = 0

========================================================================
Received Import Request.
  Time since last request: 0.000013 seconds.
  path: Assets/Scrips/Weapon.cs
  artifactKey: Guid(ccd1a2717ef00014eabd78543231714f) Importer(815301076,1909f56bfc062723c751e8b465ee728b)
Start importing Assets/Scrips/Weapon.cs using Guid(ccd1a2717ef00014eabd78543231714f) Importer(815301076,1909f56bfc062723c751e8b465ee728b) (PreviewImporter) -> (artifact id: '00000000000000000000000000000000') in 0.0006394 seconds
Import Error Code:(4)
Message: Build asset version error: assets/scrips/weapon.cs in SourceAssetDB has modification time of '2025-09-29T00:04:09.9827828Z' while content on disk has modification time of '2025-09-29T00:04:20.7407125Z'
  ERROR: Build asset version error: assets/scrips/weapon.cs in SourceAssetDB has modification time of '2025-09-29T00:04:09.9827828Z' while content on disk has modification time of '2025-09-29T00:04:20.7407125Z'
Number of updated asset objects reloaded before import = 0Number of asset objects unloaded after import = 0

========================================================================
Received Import Request.
  Time since last request: 0.000017 seconds.
  path: Assets/Scrips/Weapon.cs
  artifactKey: Guid(ccd1a2717ef00014eabd78543231714f) Importer(815301076,1909f56bfc062723c751e8b465ee728b)
Start importing Assets/Scrips/Weapon.cs using Guid(ccd1a2717ef00014eabd78543231714f) Importer(815301076,1909f56bfc062723c751e8b465ee728b) (PreviewImporter) -> (artifact id: '00000000000000000000000000000000') in 0.0007322 seconds
Import Error Code:(4)
Message: Build asset version error: assets/scrips/weapon.cs in SourceAssetDB has modification time of '2025-09-29T00:04:09.9827828Z' while content on disk has modification time of '2025-09-29T00:04:20.7407125Z'
  ERROR: Build asset version error: assets/scrips/weapon.cs in SourceAssetDB has modification time of '2025-09-29T00:04:09.9827828Z' while content on disk has modification time of '2025-09-29T00:04:20.7407125Z'
Number of updated asset objects reloaded before import = 0Number of asset objects unloaded after import = 0

========================================================================
Received Import Request.
  Time since last request: 0.000017 seconds.
  path: Assets/Scrips/Weapon.cs
  artifactKey: Guid(ccd1a2717ef00014eabd78543231714f) Importer(815301076,1909f56bfc062723c751e8b465ee728b)
Start importing Assets/Scrips/Weapon.cs using Guid(ccd1a2717ef00014eabd78543231714f) Importer(815301076,1909f56bfc062723c751e8b465ee728b) (PreviewImporter) -> (artifact id: '00000000000000000000000000000000') in 0.0005336 seconds
Import Error Code:(4)
Message: Build asset version error: assets/scrips/weapon.cs in SourceAssetDB has modification time of '2025-09-29T00:04:09.9827828Z' while content on disk has modification time of '2025-09-29T00:04:20.7407125Z'
  ERROR: Build asset version error: assets/scrips/weapon.cs in SourceAssetDB has modification time of '2025-09-29T00:04:09.9827828Z' while content on disk has modification time of '2025-09-29T00:04:20.7407125Z'
Number of updated asset objects reloaded before import = 0Number of asset objects unloaded after import = 0

========================================================================
Received Import Request.
  Time since last request: 0.000020 seconds.
  path: Assets/Scrips/Weapon.cs
  artifactKey: Guid(ccd1a2717ef00014eabd78543231714f) Importer(815301076,1909f56bfc062723c751e8b465ee728b)
Start importing Assets/Scrips/Weapon.cs using Guid(ccd1a2717ef00014eabd78543231714f) Importer(815301076,1909f56bfc062723c751e8b465ee728b) (PreviewImporter) -> (artifact id: '00000000000000000000000000000000') in 0.0005728 seconds
Import Error Code:(4)
Message: Build asset version error: assets/scrips/weapon.cs in SourceAssetDB has modification time of '2025-09-29T00:04:09.9827828Z' while content on disk has modification time of '2025-09-29T00:04:20.7407125Z'
  ERROR: Build asset version error: assets/scrips/weapon.cs in SourceAssetDB has modification time of '2025-09-29T00:04:09.9827828Z' while content on disk has modification time of '2025-09-29T00:04:20.7407125Z'
Number of updated asset objects reloaded before import = 0Number of asset objects unloaded after import = 0

========================================================================
Received Import Request.
  Time since last request: 0.000027 seconds.
  path: Assets/Scrips/Weapon.cs
  artifactKey: Guid(ccd1a2717ef00014eabd78543231714f) Importer(815301076,1909f56bfc062723c751e8b465ee728b)
Start importing Assets/Scrips/Weapon.cs using Guid(ccd1a2717ef00014eabd78543231714f) Importer(815301076,1909f56bfc062723c751e8b465ee728b) (PreviewImporter) -> (artifact id: '00000000000000000000000000000000') in 0.0009093 seconds
Import Error Code:(4)
Message: Build asset version error: assets/scrips/weapon.cs in SourceAssetDB has modification time of '2025-09-29T00:04:09.9827828Z' while content on disk has modification time of '2025-09-29T00:04:20.7407125Z'
  ERROR: Build asset version error: assets/scrips/weapon.cs in SourceAssetDB has modification time of '2025-09-29T00:04:09.9827828Z' while content on disk has modification time of '2025-09-29T00:04:20.7407125Z'
Number of updated asset objects reloaded before import = 0Number of asset objects unloaded after import = 0

========================================================================
Received Import Request.
  Time since last request: 0.000016 seconds.
  path: Assets/Scrips/Weapon.cs
  artifactKey: Guid(ccd1a2717ef00014eabd78543231714f) Importer(815301076,1909f56bfc062723c751e8b465ee728b)
Start importing Assets/Scrips/Weapon.cs using Guid(ccd1a2717ef00014eabd78543231714f) Importer(815301076,1909f56bfc062723c751e8b465ee728b) (PreviewImporter) -> (artifact id: '00000000000000000000000000000000') in 0.0009562 seconds
Import Error Code:(4)
Message: Build asset version error: assets/scrips/weapon.cs in SourceAssetDB has modification time of '2025-09-29T00:04:09.9827828Z' while content on disk has modification time of '2025-09-29T00:04:20.7407125Z'
  ERROR: Build asset version error: assets/scrips/weapon.cs in SourceAssetDB has modification time of '2025-09-29T00:04:09.9827828Z' while content on disk has modification time of '2025-09-29T00:04:20.7407125Z'
Number of updated asset objects reloaded before import = 0Number of asset objects unloaded after import = 0

========================================================================
Received Import Request.
  Time since last request: 0.000016 seconds.
  path: Assets/Scrips/Weapon.cs
  artifactKey: Guid(ccd1a2717ef00014eabd78543231714f) Importer(815301076,1909f56bfc062723c751e8b465ee728b)
Start importing Assets/Scrips/Weapon.cs using Guid(ccd1a2717ef00014eabd78543231714f) Importer(815301076,1909f56bfc062723c751e8b465ee728b) (PreviewImporter) -> (artifact id: '00000000000000000000000000000000') in 0.0006741 seconds
Import Error Code:(4)
Message: Build asset version error: assets/scrips/weapon.cs in SourceAssetDB has modification time of '2025-09-29T00:04:09.9827828Z' while content on disk has modification time of '2025-09-29T00:04:20.7407125Z'
  ERROR: Build asset version error: assets/scrips/weapon.cs in SourceAssetDB has modification time of '2025-09-29T00:04:09.9827828Z' while content on disk has modification time of '2025-09-29T00:04:20.7407125Z'
Number of updated asset objects reloaded before import = 0Number of asset objects unloaded after import = 0

========================================================================
Received Import Request.
  Time since last request: 0.000019 seconds.
  path: Assets/Scrips/Weapon.cs
  artifactKey: Guid(ccd1a2717ef00014eabd78543231714f) Importer(815301076,1909f56bfc062723c751e8b465ee728b)
Start importing Assets/Scrips/Weapon.cs using Guid(ccd1a2717ef00014eabd78543231714f) Importer(815301076,1909f56bfc062723c751e8b465ee728b) (PreviewImporter) -> (artifact id: '00000000000000000000000000000000') in 0.000719 seconds
Import Error Code:(4)
Message: Build asset version error: assets/scrips/weapon.cs in SourceAssetDB has modification time of '2025-09-29T00:04:09.9827828Z' while content on disk has modification time of '2025-09-29T00:04:20.7407125Z'
  ERROR: Build asset version error: assets/scrips/weapon.cs in SourceAssetDB has modification time of '2025-09-29T00:04:09.9827828Z' while content on disk has modification time of '2025-09-29T00:04:20.7407125Z'
Number of updated asset objects reloaded before import = 0Number of asset objects unloaded after import = 0

========================================================================
Received Import Request.
  Time since last request: 0.000245 seconds.
  path: Assets/Scrips/Weapon.cs
  artifactKey: Guid(ccd1a2717ef00014eabd78543231714f) Importer(815301076,1909f56bfc062723c751e8b465ee728b)
Start importing Assets/Scrips/Weapon.cs using Guid(ccd1a2717ef00014eabd78543231714f) Importer(815301076,1909f56bfc062723c751e8b465ee728b) (PreviewImporter) -> (artifact id: '00000000000000000000000000000000') in 0.0005752 seconds
Import Error Code:(4)
Message: Build asset version error: assets/scrips/weapon.cs in SourceAssetDB has modification time of '2025-09-29T00:04:09.9827828Z' while content on disk has modification time of '2025-09-29T00:04:20.7407125Z'
  ERROR: Build asset version error: assets/scrips/weapon.cs in SourceAssetDB has modification time of '2025-09-29T00:04:09.9827828Z' while content on disk has modification time of '2025-09-29T00:04:20.7407125Z'
Number of updated asset objects reloaded before import = 0Number of asset objects unloaded after import = 0

========================================================================
Received Import Request.
  Time since last request: 0.000016 seconds.
  path: Assets/Scrips/Weapon.cs
  artifactKey: Guid(ccd1a2717ef00014eabd78543231714f) Importer(815301076,1909f56bfc062723c751e8b465ee728b)
Start importing Assets/Scrips/Weapon.cs using Guid(ccd1a2717ef00014eabd78543231714f) Importer(815301076,1909f56bfc062723c751e8b465ee728b) (PreviewImporter) -> (artifact id: '00000000000000000000000000000000') in 0.0006644 seconds
Import Error Code:(4)
Message: Build asset version error: assets/scrips/weapon.cs in SourceAssetDB has modification time of '2025-09-29T00:04:09.9827828Z' while content on disk has modification time of '2025-09-29T00:04:20.7407125Z'
  ERROR: Build asset version error: assets/scrips/weapon.cs in SourceAssetDB has modification time of '2025-09-29T00:04:09.9827828Z' while content on disk has modification time of '2025-09-29T00:04:20.7407125Z'
Number of updated asset objects reloaded before import = 0Number of asset objects unloaded after import = 0

========================================================================
Received Import Request.
  Time since last request: 0.000017 seconds.
  path: Assets/Scrips/Weapon.cs
  artifactKey: Guid(ccd1a2717ef00014eabd78543231714f) Importer(815301076,1909f56bfc062723c751e8b465ee728b)
Start importing Assets/Scrips/Weapon.cs using Guid(ccd1a2717ef00014eabd78543231714f) Importer(815301076,1909f56bfc062723c751e8b465ee728b) (PreviewImporter) -> (artifact id: '00000000000000000000000000000000') in 0.0007901 seconds
Import Error Code:(4)
Message: Build asset version error: assets/scrips/weapon.cs in SourceAssetDB has modification time of '2025-09-29T00:04:09.9827828Z' while content on disk has modification time of '2025-09-29T00:04:20.7407125Z'
  ERROR: Build asset version error: assets/scrips/weapon.cs in SourceAssetDB has modification time of '2025-09-29T00:04:09.9827828Z' while content on disk has modification time of '2025-09-29T00:04:20.7407125Z'
Number of updated asset objects reloaded before import = 0Number of asset objects unloaded after import = 0

========================================================================
Received Import Request.
  Time since last request: 0.000018 seconds.
  path: Assets/Scrips/Weapon.cs
  artifactKey: Guid(ccd1a2717ef00014eabd78543231714f) Importer(815301076,1909f56bfc062723c751e8b465ee728b)
Start importing Assets/Scrips/Weapon.cs using Guid(ccd1a2717ef00014eabd78543231714f) Importer(815301076,1909f56bfc062723c751e8b465ee728b) (PreviewImporter) -> (artifact id: '00000000000000000000000000000000') in 0.0006972 seconds
Import Error Code:(4)
Message: Build asset version error: assets/scrips/weapon.cs in SourceAssetDB has modification time of '2025-09-29T00:04:09.9827828Z' while content on disk has modification time of '2025-09-29T00:04:20.7407125Z'
  ERROR: Build asset version error: assets/scrips/weapon.cs in SourceAssetDB has modification time of '2025-09-29T00:04:09.9827828Z' while content on disk has modification time of '2025-09-29T00:04:20.7407125Z'
Number of updated asset objects reloaded before import = 0Number of asset objects unloaded after import = 0

========================================================================
Received Import Request.
  Time since last request: 0.000027 seconds.
  path: Assets/Scrips/Weapon.cs
  artifactKey: Guid(ccd1a2717ef00014eabd78543231714f) Importer(815301076,1909f56bfc062723c751e8b465ee728b)
Start importing Assets/Scrips/Weapon.cs using Guid(ccd1a2717ef00014eabd78543231714f) Importer(815301076,1909f56bfc062723c751e8b465ee728b) (PreviewImporter) -> (artifact id: '00000000000000000000000000000000') in 0.0006855 seconds
Import Error Code:(4)
Message: Build asset version error: assets/scrips/weapon.cs in SourceAssetDB has modification time of '2025-09-29T00:04:09.9827828Z' while content on disk has modification time of '2025-09-29T00:04:20.7407125Z'
  ERROR: Build asset version error: assets/scrips/weapon.cs in SourceAssetDB has modification time of '2025-09-29T00:04:09.9827828Z' while content on disk has modification time of '2025-09-29T00:04:20.7407125Z'
Number of updated asset objects reloaded before import = 0Number of asset objects unloaded after import = 0

========================================================================
Received Import Request.
  Time since last request: 0.000017 seconds.
  path: Assets/Scrips/Weapon.cs
  artifactKey: Guid(ccd1a2717ef00014eabd78543231714f) Importer(815301076,1909f56bfc062723c751e8b465ee728b)
Start importing Assets/Scrips/Weapon.cs using Guid(ccd1a2717ef00014eabd78543231714f) Importer(815301076,1909f56bfc062723c751e8b465ee728b) (PreviewImporter) -> (artifact id: '00000000000000000000000000000000') in 0.0005903 seconds
Import Error Code:(4)
Message: Build asset version error: assets/scrips/weapon.cs in SourceAssetDB has modification time of '2025-09-29T00:04:09.9827828Z' while content on disk has modification time of '2025-09-29T00:04:20.7407125Z'
  ERROR: Build asset version error: assets/scrips/weapon.cs in SourceAssetDB has modification time of '2025-09-29T00:04:09.9827828Z' while content on disk has modification time of '2025-09-29T00:04:20.7407125Z'
Number of updated asset objects reloaded before import = 0Number of asset objects unloaded after import = 0

========================================================================
Received Import Request.
  Time since last request: 0.000017 seconds.
  path: Assets/Scrips/Weapon.cs
  artifactKey: Guid(ccd1a2717ef00014eabd78543231714f) Importer(815301076,1909f56bfc062723c751e8b465ee728b)
Start importing Assets/Scrips/Weapon.cs using Guid(ccd1a2717ef00014eabd78543231714f) Importer(815301076,1909f56bfc062723c751e8b465ee728b) (PreviewImporter) -> (artifact id: '00000000000000000000000000000000') in 0.0005805 seconds
Import Error Code:(4)
Message: Build asset version error: assets/scrips/weapon.cs in SourceAssetDB has modification time of '2025-09-29T00:04:09.9827828Z' while content on disk has modification time of '2025-09-29T00:04:20.7407125Z'
  ERROR: Build asset version error: assets/scrips/weapon.cs in SourceAssetDB has modification time of '2025-09-29T00:04:09.9827828Z' while content on disk has modification time of '2025-09-29T00:04:20.7407125Z'
Number of updated asset objects reloaded before import = 0Number of asset objects unloaded after import = 0

========================================================================
Received Import Request.
  Time since last request: 0.000017 seconds.
  path: Assets/Scrips/Weapon.cs
  artifactKey: Guid(ccd1a2717ef00014eabd78543231714f) Importer(815301076,1909f56bfc062723c751e8b465ee728b)
Start importing Assets/Scrips/Weapon.cs using Guid(ccd1a2717ef00014eabd78543231714f) Importer(815301076,1909f56bfc062723c751e8b465ee728b) (PreviewImporter) -> (artifact id: '00000000000000000000000000000000') in 0.0006602 seconds
Import Error Code:(4)
Message: Build asset version error: assets/scrips/weapon.cs in SourceAssetDB has modification time of '2025-09-29T00:04:09.9827828Z' while content on disk has modification time of '2025-09-29T00:04:20.7407125Z'
  ERROR: Build asset version error: assets/scrips/weapon.cs in SourceAssetDB has modification time of '2025-09-29T00:04:09.9827828Z' while content on disk has modification time of '2025-09-29T00:04:20.7407125Z'
Number of updated asset objects reloaded before import = 0Number of asset objects unloaded after import = 0

========================================================================
Received Import Request.
  Time since last request: 0.000020 seconds.
  path: Assets/Scrips/Weapon.cs
  artifactKey: Guid(ccd1a2717ef00014eabd78543231714f) Importer(815301076,1909f56bfc062723c751e8b465ee728b)
Start importing Assets/Scrips/Weapon.cs using Guid(ccd1a2717ef00014eabd78543231714f) Importer(815301076,1909f56bfc062723c751e8b465ee728b) (PreviewImporter) -> (artifact id: '00000000000000000000000000000000') in 0.0006751 seconds
Import Error Code:(4)
Message: Build asset version error: assets/scrips/weapon.cs in SourceAssetDB has modification time of '2025-09-29T00:04:09.9827828Z' while content on disk has modification time of '2025-09-29T00:04:20.7407125Z'
  ERROR: Build asset version error: assets/scrips/weapon.cs in SourceAssetDB has modification time of '2025-09-29T00:04:09.9827828Z' while content on disk has modification time of '2025-09-29T00:04:20.7407125Z'
Number of updated asset objects reloaded before import = 0Number of asset objects unloaded after import = 0

========================================================================
Received Import Request.
  Time since last request: 0.000067 seconds.
  path: Assets/Scrips/Weapon.cs
  artifactKey: Guid(ccd1a2717ef00014eabd78543231714f) Importer(815301076,1909f56bfc062723c751e8b465ee728b)
Start importing Assets/Scrips/Weapon.cs using Guid(ccd1a2717ef00014eabd78543231714f) Importer(815301076,1909f56bfc062723c751e8b465ee728b) (PreviewImporter) -> (artifact id: '00000000000000000000000000000000') in 0.0006664 seconds
Import Error Code:(4)
Message: Build asset version error: assets/scrips/weapon.cs in SourceAssetDB has modification time of '2025-09-29T00:04:09.9827828Z' while content on disk has modification time of '2025-09-29T00:04:20.7407125Z'
  ERROR: Build asset version error: assets/scrips/weapon.cs in SourceAssetDB has modification time of '2025-09-29T00:04:09.9827828Z' while content on disk has modification time of '2025-09-29T00:04:20.7407125Z'
Number of updated asset objects reloaded before import = 0Number of asset objects unloaded after import = 0

========================================================================
Received Import Request.
  Time since last request: 0.000016 seconds.
  path: Assets/Scrips/Weapon.cs
  artifactKey: Guid(ccd1a2717ef00014eabd78543231714f) Importer(815301076,1909f56bfc062723c751e8b465ee728b)
Start importing Assets/Scrips/Weapon.cs using Guid(ccd1a2717ef00014eabd78543231714f) Importer(815301076,1909f56bfc062723c751e8b465ee728b) (PreviewImporter) -> (artifact id: '00000000000000000000000000000000') in 0.0006265 seconds
Import Error Code:(4)
Message: Build asset version error: assets/scrips/weapon.cs in SourceAssetDB has modification time of '2025-09-29T00:04:09.9827828Z' while content on disk has modification time of '2025-09-29T00:04:20.7407125Z'
  ERROR: Build asset version error: assets/scrips/weapon.cs in SourceAssetDB has modification time of '2025-09-29T00:04:09.9827828Z' while content on disk has modification time of '2025-09-29T00:04:20.7407125Z'
Number of updated asset objects reloaded before import = 0Number of asset objects unloaded after import = 0

========================================================================
Received Import Request.
  Time since last request: 0.000016 seconds.
  path: Assets/Scrips/Weapon.cs
  artifactKey: Guid(ccd1a2717ef00014eabd78543231714f) Importer(815301076,1909f56bfc062723c751e8b465ee728b)
Start importing Assets/Scrips/Weapon.cs using Guid(ccd1a2717ef00014eabd78543231714f) Importer(815301076,1909f56bfc062723c751e8b465ee728b) (PreviewImporter) -> (artifact id: '00000000000000000000000000000000') in 0.0006845 seconds
Import Error Code:(4)
Message: Build asset version error: assets/scrips/weapon.cs in SourceAssetDB has modification time of '2025-09-29T00:04:09.9827828Z' while content on disk has modification time of '2025-09-29T00:04:20.7407125Z'
  ERROR: Build asset version error: assets/scrips/weapon.cs in SourceAssetDB has modification time of '2025-09-29T00:04:09.9827828Z' while content on disk has modification time of '2025-09-29T00:04:20.7407125Z'
Number of updated asset objects reloaded before import = 0Number of asset objects unloaded after import = 0

========================================================================
Received Import Request.
  Time since last request: 0.000016 seconds.
  path: Assets/Scrips/Weapon.cs
  artifactKey: Guid(ccd1a2717ef00014eabd78543231714f) Importer(815301076,1909f56bfc062723c751e8b465ee728b)
Start importing Assets/Scrips/Weapon.cs using Guid(ccd1a2717ef00014eabd78543231714f) Importer(815301076,1909f56bfc062723c751e8b465ee728b) (PreviewImporter) -> (artifact id: '00000000000000000000000000000000') in 0.0007889 seconds
Import Error Code:(4)
Message: Build asset version error: assets/scrips/weapon.cs in SourceAssetDB has modification time of '2025-09-29T00:04:09.9827828Z' while content on disk has modification time of '2025-09-29T00:04:20.7407125Z'
  ERROR: Build asset version error: assets/scrips/weapon.cs in SourceAssetDB has modification time of '2025-09-29T00:04:09.9827828Z' while content on disk has modification time of '2025-09-29T00:04:20.7407125Z'
Number of updated asset objects reloaded before import = 0Number of asset objects unloaded after import = 0

========================================================================
Received Import Request.
  Time since last request: 0.000021 seconds.
  path: Assets/Scrips/Weapon.cs
  artifactKey: Guid(ccd1a2717ef00014eabd78543231714f) Importer(815301076,1909f56bfc062723c751e8b465ee728b)
Start importing Assets/Scrips/Weapon.cs using Guid(ccd1a2717ef00014eabd78543231714f) Importer(815301076,1909f56bfc062723c751e8b465ee728b) (PreviewImporter) -> (artifact id: '00000000000000000000000000000000') in 0.0009897 seconds
Import Error Code:(4)
Message: Build asset version error: assets/scrips/weapon.cs in SourceAssetDB has modification time of '2025-09-29T00:04:09.9827828Z' while content on disk has modification time of '2025-09-29T00:04:20.7407125Z'
  ERROR: Build asset version error: assets/scrips/weapon.cs in SourceAssetDB has modification time of '2025-09-29T00:04:09.9827828Z' while content on disk has modification time of '2025-09-29T00:04:20.7407125Z'
Number of updated asset objects reloaded before import = 0Number of asset objects unloaded after import = 0

========================================================================
Received Import Request.
  Time since last request: 0.000027 seconds.
  path: Assets/Scrips/Weapon.cs
  artifactKey: Guid(ccd1a2717ef00014eabd78543231714f) Importer(815301076,1909f56bfc062723c751e8b465ee728b)
Start importing Assets/Scrips/Weapon.cs using Guid(ccd1a2717ef00014eabd78543231714f) Importer(815301076,1909f56bfc062723c751e8b465ee728b) (PreviewImporter) -> (artifact id: '00000000000000000000000000000000') in 0.000738 seconds
Import Error Code:(4)
Message: Build asset version error: assets/scrips/weapon.cs in SourceAssetDB has modification time of '2025-09-29T00:04:09.9827828Z' while content on disk has modification time of '2025-09-29T00:04:20.7407125Z'
  ERROR: Build asset version error: assets/scrips/weapon.cs in SourceAssetDB has modification time of '2025-09-29T00:04:09.9827828Z' while content on disk has modification time of '2025-09-29T00:04:20.7407125Z'
Number of updated asset objects reloaded before import = 0Number of asset objects unloaded after import = 0

========================================================================
Received Import Request.
  Time since last request: 0.000015 seconds.
  path: Assets/Scrips/Weapon.cs
  artifactKey: Guid(ccd1a2717ef00014eabd78543231714f) Importer(815301076,1909f56bfc062723c751e8b465ee728b)
Start importing Assets/Scrips/Weapon.cs using Guid(ccd1a2717ef00014eabd78543231714f) Importer(815301076,1909f56bfc062723c751e8b465ee728b) (PreviewImporter) -> (artifact id: '00000000000000000000000000000000') in 0.0007041 seconds
Import Error Code:(4)
Message: Build asset version error: assets/scrips/weapon.cs in SourceAssetDB has modification time of '2025-09-29T00:04:09.9827828Z' while content on disk has modification time of '2025-09-29T00:04:20.7407125Z'
  ERROR: Build asset version error: assets/scrips/weapon.cs in SourceAssetDB has modification time of '2025-09-29T00:04:09.9827828Z' while content on disk has modification time of '2025-09-29T00:04:20.7407125Z'
Number of updated asset objects reloaded before import = 0Number of asset objects unloaded after import = 0

========================================================================
Received Import Request.
  Time since last request: 0.000016 seconds.
  path: Assets/Scrips/Weapon.cs
  artifactKey: Guid(ccd1a2717ef00014eabd78543231714f) Importer(815301076,1909f56bfc062723c751e8b465ee728b)
Start importing Assets/Scrips/Weapon.cs using Guid(ccd1a2717ef00014eabd78543231714f) Importer(815301076,1909f56bfc062723c751e8b465ee728b) (PreviewImporter) -> (artifact id: '00000000000000000000000000000000') in 0.00064 seconds
Import Error Code:(4)
Message: Build asset version error: assets/scrips/weapon.cs in SourceAssetDB has modification time of '2025-09-29T00:04:09.9827828Z' while content on disk has modification time of '2025-09-29T00:04:20.7407125Z'
  ERROR: Build asset version error: assets/scrips/weapon.cs in SourceAssetDB has modification time of '2025-09-29T00:04:09.9827828Z' while content on disk has modification time of '2025-09-29T00:04:20.7407125Z'
Number of updated asset objects reloaded before import = 0Number of asset objects unloaded after import = 0

========================================================================
Received Import Request.
  Time since last request: 0.000016 seconds.
  path: Assets/Scrips/Weapon.cs
  artifactKey: Guid(ccd1a2717ef00014eabd78543231714f) Importer(815301076,1909f56bfc062723c751e8b465ee728b)
Start importing Assets/Scrips/Weapon.cs using Guid(ccd1a2717ef00014eabd78543231714f) Importer(815301076,1909f56bfc062723c751e8b465ee728b) (PreviewImporter) -> (artifact id: '00000000000000000000000000000000') in 0.0007101 seconds
Import Error Code:(4)
Message: Build asset version error: assets/scrips/weapon.cs in SourceAssetDB has modification time of '2025-09-29T00:04:09.9827828Z' while content on disk has modification time of '2025-09-29T00:04:20.7407125Z'
  ERROR: Build asset version error: assets/scrips/weapon.cs in SourceAssetDB has modification time of '2025-09-29T00:04:09.9827828Z' while content on disk has modification time of '2025-09-29T00:04:20.7407125Z'
Number of updated asset objects reloaded before import = 0Number of asset objects unloaded after import = 0

========================================================================
Received Import Request.
  Time since last request: 0.000019 seconds.
  path: Assets/Scrips/Weapon.cs
  artifactKey: Guid(ccd1a2717ef00014eabd78543231714f) Importer(815301076,1909f56bfc062723c751e8b465ee728b)
Start importing Assets/Scrips/Weapon.cs using Guid(ccd1a2717ef00014eabd78543231714f) Importer(815301076,1909f56bfc062723c751e8b465ee728b) (PreviewImporter) -> (artifact id: '00000000000000000000000000000000') in 0.0005699 seconds
Import Error Code:(4)
Message: Build asset version error: assets/scrips/weapon.cs in SourceAssetDB has modification time of '2025-09-29T00:04:09.9827828Z' while content on disk has modification time of '2025-09-29T00:04:20.7407125Z'
  ERROR: Build asset version error: assets/scrips/weapon.cs in SourceAssetDB has modification time of '2025-09-29T00:04:09.9827828Z' while content on disk has modification time of '2025-09-29T00:04:20.7407125Z'
Number of updated asset objects reloaded before import = 0Number of asset objects unloaded after import = 0

========================================================================
Received Import Request.
  Time since last request: 0.000026 seconds.
  path: Assets/Scrips/Weapon.cs
  artifactKey: Guid(ccd1a2717ef00014eabd78543231714f) Importer(815301076,1909f56bfc062723c751e8b465ee728b)
Start importing Assets/Scrips/Weapon.cs using Guid(ccd1a2717ef00014eabd78543231714f) Importer(815301076,1909f56bfc062723c751e8b465ee728b) (PreviewImporter) -> (artifact id: '00000000000000000000000000000000') in 0.0008038 seconds
Import Error Code:(4)
Message: Build asset version error: assets/scrips/weapon.cs in SourceAssetDB has modification time of '2025-09-29T00:04:09.9827828Z' while content on disk has modification time of '2025-09-29T00:04:20.7407125Z'
  ERROR: Build asset version error: assets/scrips/weapon.cs in SourceAssetDB has modification time of '2025-09-29T00:04:09.9827828Z' while content on disk has modification time of '2025-09-29T00:04:20.7407125Z'
Number of updated asset objects reloaded before import = 0Number of asset objects unloaded after import = 0

========================================================================
Received Import Request.
  Time since last request: 0.000018 seconds.
  path: Assets/Scrips/Weapon.cs
  artifactKey: Guid(ccd1a2717ef00014eabd78543231714f) Importer(815301076,1909f56bfc062723c751e8b465ee728b)
Start importing Assets/Scrips/Weapon.cs using Guid(ccd1a2717ef00014eabd78543231714f) Importer(815301076,1909f56bfc062723c751e8b465ee728b) (PreviewImporter) -> (artifact id: '00000000000000000000000000000000') in 0.0005917 seconds
Import Error Code:(4)
Message: Build asset version error: assets/scrips/weapon.cs in SourceAssetDB has modification time of '2025-09-29T00:04:09.9827828Z' while content on disk has modification time of '2025-09-29T00:04:20.7407125Z'
  ERROR: Build asset version error: assets/scrips/weapon.cs in SourceAssetDB has modification time of '2025-09-29T00:04:09.9827828Z' while content on disk has modification time of '2025-09-29T00:04:20.7407125Z'
Number of updated asset objects reloaded before import = 0Number of asset objects unloaded after import = 0

========================================================================
Received Import Request.
  Time since last request: 0.000016 seconds.
  path: Assets/Scrips/Weapon.cs
  artifactKey: Guid(ccd1a2717ef00014eabd78543231714f) Importer(815301076,1909f56bfc062723c751e8b465ee728b)
Start importing Assets/Scrips/Weapon.cs using Guid(ccd1a2717ef00014eabd78543231714f) Importer(815301076,1909f56bfc062723c751e8b465ee728b) (PreviewImporter) -> (artifact id: '00000000000000000000000000000000') in 0.0007017 seconds
Import Error Code:(4)
Message: Build asset version error: assets/scrips/weapon.cs in SourceAssetDB has modification time of '2025-09-29T00:04:09.9827828Z' while content on disk has modification time of '2025-09-29T00:04:20.7407125Z'
  ERROR: Build asset version error: assets/scrips/weapon.cs in SourceAssetDB has modification time of '2025-09-29T00:04:09.9827828Z' while content on disk has modification time of '2025-09-29T00:04:20.7407125Z'
Number of updated asset objects reloaded before import = 0Number of asset objects unloaded after import = 0

========================================================================
Received Import Request.
  Time since last request: 0.000019 seconds.
  path: Assets/Scrips/Weapon.cs
  artifactKey: Guid(ccd1a2717ef00014eabd78543231714f) Importer(815301076,1909f56bfc062723c751e8b465ee728b)
Start importing Assets/Scrips/Weapon.cs using Guid(ccd1a2717ef00014eabd78543231714f) Importer(815301076,1909f56bfc062723c751e8b465ee728b) (PreviewImporter) -> (artifact id: '00000000000000000000000000000000') in 0.0005564 seconds
Import Error Code:(4)
Message: Build asset version error: assets/scrips/weapon.cs in SourceAssetDB has modification time of '2025-09-29T00:04:09.9827828Z' while content on disk has modification time of '2025-09-29T00:04:20.7407125Z'
  ERROR: Build asset version error: assets/scrips/weapon.cs in SourceAssetDB has modification time of '2025-09-29T00:04:09.9827828Z' while content on disk has modification time of '2025-09-29T00:04:20.7407125Z'
Number of updated asset objects reloaded before import = 0Number of asset objects unloaded after import = 0

========================================================================
Received Import Request.
  Time since last request: 0.000031 seconds.
  path: Assets/Scrips/Weapon.cs
  artifactKey: Guid(ccd1a2717ef00014eabd78543231714f) Importer(815301076,1909f56bfc062723c751e8b465ee728b)
Start importing Assets/Scrips/Weapon.cs using Guid(ccd1a2717ef00014eabd78543231714f) Importer(815301076,1909f56bfc062723c751e8b465ee728b) (PreviewImporter) -> (artifact id: '00000000000000000000000000000000') in 0.0006472 seconds
Import Error Code:(4)
Message: Build asset version error: assets/scrips/weapon.cs in SourceAssetDB has modification time of '2025-09-29T00:04:09.9827828Z' while content on disk has modification time of '2025-09-29T00:04:20.7407125Z'
  ERROR: Build asset version error: assets/scrips/weapon.cs in SourceAssetDB has modification time of '2025-09-29T00:04:09.9827828Z' while content on disk has modification time of '2025-09-29T00:04:20.7407125Z'
Number of updated asset objects reloaded before import = 0Number of asset objects unloaded after import = 0

========================================================================
Received Import Request.
  Time since last request: 0.000017 seconds.
  path: Assets/Scrips/Weapon.cs
  artifactKey: Guid(ccd1a2717ef00014eabd78543231714f) Importer(815301076,1909f56bfc062723c751e8b465ee728b)
Start importing Assets/Scrips/Weapon.cs using Guid(ccd1a2717ef00014eabd78543231714f) Importer(815301076,1909f56bfc062723c751e8b465ee728b) (PreviewImporter) -> (artifact id: '00000000000000000000000000000000') in 0.000705 seconds
Import Error Code:(4)
Message: Build asset version error: assets/scrips/weapon.cs in SourceAssetDB has modification time of '2025-09-29T00:04:09.9827828Z' while content on disk has modification time of '2025-09-29T00:04:20.7407125Z'
  ERROR: Build asset version error: assets/scrips/weapon.cs in SourceAssetDB has modification time of '2025-09-29T00:04:09.9827828Z' while content on disk has modification time of '2025-09-29T00:04:20.7407125Z'
Number of updated asset objects reloaded before import = 0Number of asset objects unloaded after import = 0

========================================================================
Received Import Request.
  Time since last request: 0.000016 seconds.
  path: Assets/Scrips/Weapon.cs
  artifactKey: Guid(ccd1a2717ef00014eabd78543231714f) Importer(815301076,1909f56bfc062723c751e8b465ee728b)
Start importing Assets/Scrips/Weapon.cs using Guid(ccd1a2717ef00014eabd78543231714f) Importer(815301076,1909f56bfc062723c751e8b465ee728b) (PreviewImporter) -> (artifact id: '00000000000000000000000000000000') in 0.0006627 seconds
Import Error Code:(4)
Message: Build asset version error: assets/scrips/weapon.cs in SourceAssetDB has modification time of '2025-09-29T00:04:09.9827828Z' while content on disk has modification time of '2025-09-29T00:04:20.7407125Z'
  ERROR: Build asset version error: assets/scrips/weapon.cs in SourceAssetDB has modification time of '2025-09-29T00:04:09.9827828Z' while content on disk has modification time of '2025-09-29T00:04:20.7407125Z'
Number of updated asset objects reloaded before import = 0Number of asset objects unloaded after import = 0

========================================================================
Received Import Request.
  Time since last request: 0.000019 seconds.
  path: Assets/Scrips/Weapon.cs
  artifactKey: Guid(ccd1a2717ef00014eabd78543231714f) Importer(815301076,1909f56bfc062723c751e8b465ee728b)
Start importing Assets/Scrips/Weapon.cs using Guid(ccd1a2717ef00014eabd78543231714f) Importer(815301076,1909f56bfc062723c751e8b465ee728b) (PreviewImporter) -> (artifact id: '00000000000000000000000000000000') in 0.000618 seconds
Import Error Code:(4)
Message: Build asset version error: assets/scrips/weapon.cs in SourceAssetDB has modification time of '2025-09-29T00:04:09.9827828Z' while content on disk has modification time of '2025-09-29T00:04:20.7407125Z'
  ERROR: Build asset version error: assets/scrips/weapon.cs in SourceAssetDB has modification time of '2025-09-29T00:04:09.9827828Z' while content on disk has modification time of '2025-09-29T00:04:20.7407125Z'
Number of updated asset objects reloaded before import = 0Number of asset objects unloaded after import = 0

========================================================================
Received Import Request.
  Time since last request: 0.000029 seconds.
  path: Assets/Scrips/Weapon.cs
  artifactKey: Guid(ccd1a2717ef00014eabd78543231714f) Importer(815301076,1909f56bfc062723c751e8b465ee728b)
Start importing Assets/Scrips/Weapon.cs using Guid(ccd1a2717ef00014eabd78543231714f) Importer(815301076,1909f56bfc062723c751e8b465ee728b) (PreviewImporter) -> (artifact id: '00000000000000000000000000000000') in 0.000681 seconds
Import Error Code:(4)
Message: Build asset version error: assets/scrips/weapon.cs in SourceAssetDB has modification time of '2025-09-29T00:04:09.9827828Z' while content on disk has modification time of '2025-09-29T00:04:20.7407125Z'
  ERROR: Build asset version error: assets/scrips/weapon.cs in SourceAssetDB has modification time of '2025-09-29T00:04:09.9827828Z' while content on disk has modification time of '2025-09-29T00:04:20.7407125Z'
Number of updated asset objects reloaded before import = 0Number of asset objects unloaded after import = 0

========================================================================
Received Import Request.
  Time since last request: 0.000017 seconds.
  path: Assets/Scrips/Weapon.cs
  artifactKey: Guid(ccd1a2717ef00014eabd78543231714f) Importer(815301076,1909f56bfc062723c751e8b465ee728b)
Start importing Assets/Scrips/Weapon.cs using Guid(ccd1a2717ef00014eabd78543231714f) Importer(815301076,1909f56bfc062723c751e8b465ee728b) (PreviewImporter) -> (artifact id: '00000000000000000000000000000000') in 0.0006946 seconds
Import Error Code:(4)
Message: Build asset version error: assets/scrips/weapon.cs in SourceAssetDB has modification time of '2025-09-29T00:04:09.9827828Z' while content on disk has modification time of '2025-09-29T00:04:20.7407125Z'
  ERROR: Build asset version error: assets/scrips/weapon.cs in SourceAssetDB has modification time of '2025-09-29T00:04:09.9827828Z' while content on disk has modification time of '2025-09-29T00:04:20.7407125Z'
Number of updated asset objects reloaded before import = 0Number of asset objects unloaded after import = 0

========================================================================
Received Import Request.
  Time since last request: 0.000016 seconds.
  path: Assets/Scrips/Weapon.cs
  artifactKey: Guid(ccd1a2717ef00014eabd78543231714f) Importer(815301076,1909f56bfc062723c751e8b465ee728b)
Start importing Assets/Scrips/Weapon.cs using Guid(ccd1a2717ef00014eabd78543231714f) Importer(815301076,1909f56bfc062723c751e8b465ee728b) (PreviewImporter) -> (artifact id: '00000000000000000000000000000000') in 0.0007269 seconds
Import Error Code:(4)
Message: Build asset version error: assets/scrips/weapon.cs in SourceAssetDB has modification time of '2025-09-29T00:04:09.9827828Z' while content on disk has modification time of '2025-09-29T00:04:20.7407125Z'
  ERROR: Build asset version error: assets/scrips/weapon.cs in SourceAssetDB has modification time of '2025-09-29T00:04:09.9827828Z' while content on disk has modification time of '2025-09-29T00:04:20.7407125Z'
Number of updated asset objects reloaded before import = 0Number of asset objects unloaded after import = 0

========================================================================
Received Import Request.
  Time since last request: 0.000017 seconds.
  path: Assets/Scrips/Weapon.cs
  artifactKey: Guid(ccd1a2717ef00014eabd78543231714f) Importer(815301076,1909f56bfc062723c751e8b465ee728b)
Start importing Assets/Scrips/Weapon.cs using Guid(ccd1a2717ef00014eabd78543231714f) Importer(815301076,1909f56bfc062723c751e8b465ee728b) (PreviewImporter) -> (artifact id: '00000000000000000000000000000000') in 0.0009096 seconds
Import Error Code:(4)
Message: Build asset version error: assets/scrips/weapon.cs in SourceAssetDB has modification time of '2025-09-29T00:04:09.9827828Z' while content on disk has modification time of '2025-09-29T00:04:20.7407125Z'
  ERROR: Build asset version error: assets/scrips/weapon.cs in SourceAssetDB has modification time of '2025-09-29T00:04:09.9827828Z' while content on disk has modification time of '2025-09-29T00:04:20.7407125Z'
Number of updated asset objects reloaded before import = 0Number of asset objects unloaded after import = 0

========================================================================
Received Import Request.
  Time since last request: 0.000028 seconds.
  path: Assets/Scrips/Weapon.cs
  artifactKey: Guid(ccd1a2717ef00014eabd78543231714f) Importer(815301076,1909f56bfc062723c751e8b465ee728b)
Start importing Assets/Scrips/Weapon.cs using Guid(ccd1a2717ef00014eabd78543231714f) Importer(815301076,1909f56bfc062723c751e8b465ee728b) (PreviewImporter) -> (artifact id: '00000000000000000000000000000000') in 0.0006212 seconds
Import Error Code:(4)
Message: Build asset version error: assets/scrips/weapon.cs in SourceAssetDB has modification time of '2025-09-29T00:04:09.9827828Z' while content on disk has modification time of '2025-09-29T00:04:20.7407125Z'
  ERROR: Build asset version error: assets/scrips/weapon.cs in SourceAssetDB has modification time of '2025-09-29T00:04:09.9827828Z' while content on disk has modification time of '2025-09-29T00:04:20.7407125Z'
Number of updated asset objects reloaded before import = 0Number of asset objects unloaded after import = 0

========================================================================
Received Import Request.
  Time since last request: 0.000013 seconds.
  path: Assets/Scrips/Weapon.cs
  artifactKey: Guid(ccd1a2717ef00014eabd78543231714f) Importer(815301076,1909f56bfc062723c751e8b465ee728b)
Start importing Assets/Scrips/Weapon.cs using Guid(ccd1a2717ef00014eabd78543231714f) Importer(815301076,1909f56bfc062723c751e8b465ee728b) (PreviewImporter) -> (artifact id: '00000000000000000000000000000000') in 0.0004462 seconds
Import Error Code:(4)
Message: Build asset version error: assets/scrips/weapon.cs in SourceAssetDB has modification time of '2025-09-29T00:04:09.9827828Z' while content on disk has modification time of '2025-09-29T00:04:20.7407125Z'
  ERROR: Build asset version error: assets/scrips/weapon.cs in SourceAssetDB has modification time of '2025-09-29T00:04:09.9827828Z' while content on disk has modification time of '2025-09-29T00:04:20.7407125Z'
Number of updated asset objects reloaded before import = 0Number of asset objects unloaded after import = 0

========================================================================
Received Import Request.
  Time since last request: 0.000018 seconds.
  path: Assets/Scrips/Weapon.cs
  artifactKey: Guid(ccd1a2717ef00014eabd78543231714f) Importer(815301076,1909f56bfc062723c751e8b465ee728b)
Start importing Assets/Scrips/Weapon.cs using Guid(ccd1a2717ef00014eabd78543231714f) Importer(815301076,1909f56bfc062723c751e8b465ee728b) (PreviewImporter) -> (artifact id: '00000000000000000000000000000000') in 0.0009388 seconds
Import Error Code:(4)
Message: Build asset version error: assets/scrips/weapon.cs in SourceAssetDB has modification time of '2025-09-29T00:04:09.9827828Z' while content on disk has modification time of '2025-09-29T00:04:20.7407125Z'
  ERROR: Build asset version error: assets/scrips/weapon.cs in SourceAssetDB has modification time of '2025-09-29T00:04:09.9827828Z' while content on disk has modification time of '2025-09-29T00:04:20.7407125Z'
Number of updated asset objects reloaded before import = 0Number of asset objects unloaded after import = 0

========================================================================
Received Import Request.
  Time since last request: 0.000017 seconds.
  path: Assets/Scrips/Weapon.cs
  artifactKey: Guid(ccd1a2717ef00014eabd78543231714f) Importer(815301076,1909f56bfc062723c751e8b465ee728b)
Start importing Assets/Scrips/Weapon.cs using Guid(ccd1a2717ef00014eabd78543231714f) Importer(815301076,1909f56bfc062723c751e8b465ee728b) (PreviewImporter) -> (artifact id: '00000000000000000000000000000000') in 0.0006728 seconds
Import Error Code:(4)
Message: Build asset version error: assets/scrips/weapon.cs in SourceAssetDB has modification time of '2025-09-29T00:04:09.9827828Z' while content on disk has modification time of '2025-09-29T00:04:20.7407125Z'
  ERROR: Build asset version error: assets/scrips/weapon.cs in SourceAssetDB has modification time of '2025-09-29T00:04:09.9827828Z' while content on disk has modification time of '2025-09-29T00:04:20.7407125Z'
Number of updated asset objects reloaded before import = 0Number of asset objects unloaded after import = 0

========================================================================
Received Import Request.
  Time since last request: 0.000019 seconds.
  path: Assets/Scrips/Weapon.cs
  artifactKey: Guid(ccd1a2717ef00014eabd78543231714f) Importer(815301076,1909f56bfc062723c751e8b465ee728b)
Start importing Assets/Scrips/Weapon.cs using Guid(ccd1a2717ef00014eabd78543231714f) Importer(815301076,1909f56bfc062723c751e8b465ee728b) (PreviewImporter) -> (artifact id: '00000000000000000000000000000000') in 0.000782 seconds
Import Error Code:(4)
Message: Build asset version error: assets/scrips/weapon.cs in SourceAssetDB has modification time of '2025-09-29T00:04:09.9827828Z' while content on disk has modification time of '2025-09-29T00:04:20.7407125Z'
  ERROR: Build asset version error: assets/scrips/weapon.cs in SourceAssetDB has modification time of '2025-09-29T00:04:09.9827828Z' while content on disk has modification time of '2025-09-29T00:04:20.7407125Z'
Number of updated asset objects reloaded before import = 0Number of asset objects unloaded after import = 0

========================================================================
Received Import Request.
  Time since last request: 0.000029 seconds.
  path: Assets/Scrips/Weapon.cs
  artifactKey: Guid(ccd1a2717ef00014eabd78543231714f) Importer(815301076,1909f56bfc062723c751e8b465ee728b)
Start importing Assets/Scrips/Weapon.cs using Guid(ccd1a2717ef00014eabd78543231714f) Importer(815301076,1909f56bfc062723c751e8b465ee728b) (PreviewImporter) -> (artifact id: '00000000000000000000000000000000') in 0.0004487 seconds
Import Error Code:(4)
Message: Build asset version error: assets/scrips/weapon.cs in SourceAssetDB has modification time of '2025-09-29T00:04:09.9827828Z' while content on disk has modification time of '2025-09-29T00:04:20.7407125Z'
  ERROR: Build asset version error: assets/scrips/weapon.cs in SourceAssetDB has modification time of '2025-09-29T00:04:09.9827828Z' while content on disk has modification time of '2025-09-29T00:04:20.7407125Z'
Number of updated asset objects reloaded before import = 0Number of asset objects unloaded after import = 0

========================================================================
Received Import Request.
  Time since last request: 0.000017 seconds.
  path: Assets/Scrips/Weapon.cs
  artifactKey: Guid(ccd1a2717ef00014eabd78543231714f) Importer(815301076,1909f56bfc062723c751e8b465ee728b)
Start importing Assets/Scrips/Weapon.cs using Guid(ccd1a2717ef00014eabd78543231714f) Importer(815301076,1909f56bfc062723c751e8b465ee728b) (PreviewImporter) -> (artifact id: '00000000000000000000000000000000') in 0.0006699 seconds
Import Error Code:(4)
Message: Build asset version error: assets/scrips/weapon.cs in SourceAssetDB has modification time of '2025-09-29T00:04:09.9827828Z' while content on disk has modification time of '2025-09-29T00:04:20.7407125Z'
  ERROR: Build asset version error: assets/scrips/weapon.cs in SourceAssetDB has modification time of '2025-09-29T00:04:09.9827828Z' while content on disk has modification time of '2025-09-29T00:04:20.7407125Z'
Number of updated asset objects reloaded before import = 0Number of asset objects unloaded after import = 0

========================================================================
Received Import Request.
  Time since last request: 0.000043 seconds.
  path: Assets/Scrips/Weapon.cs
  artifactKey: Guid(ccd1a2717ef00014eabd78543231714f) Importer(815301076,1909f56bfc062723c751e8b465ee728b)
Start importing Assets/Scrips/Weapon.cs using Guid(ccd1a2717ef00014eabd78543231714f) Importer(815301076,1909f56bfc062723c751e8b465ee728b) (PreviewImporter) -> (artifact id: '00000000000000000000000000000000') in 0.0006502 seconds
Import Error Code:(4)
Message: Build asset version error: assets/scrips/weapon.cs in SourceAssetDB has modification time of '2025-09-29T00:04:09.9827828Z' while content on disk has modification time of '2025-09-29T00:04:20.7407125Z'
  ERROR: Build asset version error: assets/scrips/weapon.cs in SourceAssetDB has modification time of '2025-09-29T00:04:09.9827828Z' while content on disk has modification time of '2025-09-29T00:04:20.7407125Z'
Number of updated asset objects reloaded before import = 0Number of asset objects unloaded after import = 0

========================================================================
Received Import Request.
  Time since last request: 0.000016 seconds.
  path: Assets/Scrips/Weapon.cs
  artifactKey: Guid(ccd1a2717ef00014eabd78543231714f) Importer(815301076,1909f56bfc062723c751e8b465ee728b)
Start importing Assets/Scrips/Weapon.cs using Guid(ccd1a2717ef00014eabd78543231714f) Importer(815301076,1909f56bfc062723c751e8b465ee728b) (PreviewImporter) -> (artifact id: '00000000000000000000000000000000') in 0.0007099 seconds
Import Error Code:(4)
Message: Build asset version error: assets/scrips/weapon.cs in SourceAssetDB has modification time of '2025-09-29T00:04:09.9827828Z' while content on disk has modification time of '2025-09-29T00:04:20.7407125Z'
  ERROR: Build asset version error: assets/scrips/weapon.cs in SourceAssetDB has modification time of '2025-09-29T00:04:09.9827828Z' while content on disk has modification time of '2025-09-29T00:04:20.7407125Z'
Number of updated asset objects reloaded before import = 0Number of asset objects unloaded after import = 0

========================================================================
Received Import Request.
  Time since last request: 0.000019 seconds.
  path: Assets/Scrips/Weapon.cs
  artifactKey: Guid(ccd1a2717ef00014eabd78543231714f) Importer(815301076,1909f56bfc062723c751e8b465ee728b)
Start importing Assets/Scrips/Weapon.cs using Guid(ccd1a2717ef00014eabd78543231714f) Importer(815301076,1909f56bfc062723c751e8b465ee728b) (PreviewImporter) -> (artifact id: '00000000000000000000000000000000') in 0.0007217 seconds
Import Error Code:(4)
Message: Build asset version error: assets/scrips/weapon.cs in SourceAssetDB has modification time of '2025-09-29T00:04:09.9827828Z' while content on disk has modification time of '2025-09-29T00:04:20.7407125Z'
  ERROR: Build asset version error: assets/scrips/weapon.cs in SourceAssetDB has modification time of '2025-09-29T00:04:09.9827828Z' while content on disk has modification time of '2025-09-29T00:04:20.7407125Z'
Number of updated asset objects reloaded before import = 0Number of asset objects unloaded after import = 0

========================================================================
Received Import Request.
  Time since last request: 0.000026 seconds.
  path: Assets/Scrips/Weapon.cs
  artifactKey: Guid(ccd1a2717ef00014eabd78543231714f) Importer(815301076,1909f56bfc062723c751e8b465ee728b)
Start importing Assets/Scrips/Weapon.cs using Guid(ccd1a2717ef00014eabd78543231714f) Importer(815301076,1909f56bfc062723c751e8b465ee728b) (PreviewImporter) -> (artifact id: '00000000000000000000000000000000') in 0.0007552 seconds
Import Error Code:(4)
Message: Build asset version error: assets/scrips/weapon.cs in SourceAssetDB has modification time of '2025-09-29T00:04:09.9827828Z' while content on disk has modification time of '2025-09-29T00:04:20.7407125Z'
  ERROR: Build asset version error: assets/scrips/weapon.cs in SourceAssetDB has modification time of '2025-09-29T00:04:09.9827828Z' while content on disk has modification time of '2025-09-29T00:04:20.7407125Z'
Number of updated asset objects reloaded before import = 0Number of asset objects unloaded after import = 0

========================================================================
Received Import Request.
  Time since last request: 0.000016 seconds.
  path: Assets/Scrips/Weapon.cs
  artifactKey: Guid(ccd1a2717ef00014eabd78543231714f) Importer(815301076,1909f56bfc062723c751e8b465ee728b)
Start importing Assets/Scrips/Weapon.cs using Guid(ccd1a2717ef00014eabd78543231714f) Importer(815301076,1909f56bfc062723c751e8b465ee728b) (PreviewImporter) -> (artifact id: '00000000000000000000000000000000') in 0.0006478 seconds
Import Error Code:(4)
Message: Build asset version error: assets/scrips/weapon.cs in SourceAssetDB has modification time of '2025-09-29T00:04:09.9827828Z' while content on disk has modification time of '2025-09-29T00:04:20.7407125Z'
  ERROR: Build asset version error: assets/scrips/weapon.cs in SourceAssetDB has modification time of '2025-09-29T00:04:09.9827828Z' while content on disk has modification time of '2025-09-29T00:04:20.7407125Z'
Number of updated asset objects reloaded before import = 0Number of asset objects unloaded after import = 0

========================================================================
Received Import Request.
  Time since last request: 0.000016 seconds.
  path: Assets/Scrips/Weapon.cs
  artifactKey: Guid(ccd1a2717ef00014eabd78543231714f) Importer(815301076,1909f56bfc062723c751e8b465ee728b)
Start importing Assets/Scrips/Weapon.cs using Guid(ccd1a2717ef00014eabd78543231714f) Importer(815301076,1909f56bfc062723c751e8b465ee728b) (PreviewImporter) -> (artifact id: '00000000000000000000000000000000') in 0.0006578 seconds
Import Error Code:(4)
Message: Build asset version error: assets/scrips/weapon.cs in SourceAssetDB has modification time of '2025-09-29T00:04:09.9827828Z' while content on disk has modification time of '2025-09-29T00:04:20.7407125Z'
  ERROR: Build asset version error: assets/scrips/weapon.cs in SourceAssetDB has modification time of '2025-09-29T00:04:09.9827828Z' while content on disk has modification time of '2025-09-29T00:04:20.7407125Z'
Number of updated asset objects reloaded before import = 0Number of asset objects unloaded after import = 0

========================================================================
Received Import Request.
  Time since last request: 0.000018 seconds.
  path: Assets/Scrips/Weapon.cs
  artifactKey: Guid(ccd1a2717ef00014eabd78543231714f) Importer(815301076,1909f56bfc062723c751e8b465ee728b)
Start importing Assets/Scrips/Weapon.cs using Guid(ccd1a2717ef00014eabd78543231714f) Importer(815301076,1909f56bfc062723c751e8b465ee728b) (PreviewImporter) -> (artifact id: '00000000000000000000000000000000') in 0.0011067 seconds
Import Error Code:(4)
Message: Build asset version error: assets/scrips/weapon.cs in SourceAssetDB has modification time of '2025-09-29T00:04:09.9827828Z' while content on disk has modification time of '2025-09-29T00:04:20.7407125Z'
  ERROR: Build asset version error: assets/scrips/weapon.cs in SourceAssetDB has modification time of '2025-09-29T00:04:09.9827828Z' while content on disk has modification time of '2025-09-29T00:04:20.7407125Z'
Number of updated asset objects reloaded before import = 0Number of asset objects unloaded after import = 0

========================================================================
Received Import Request.
  Time since last request: 0.000019 seconds.
  path: Assets/Scrips/Weapon.cs
  artifactKey: Guid(ccd1a2717ef00014eabd78543231714f) Importer(815301076,1909f56bfc062723c751e8b465ee728b)
Start importing Assets/Scrips/Weapon.cs using Guid(ccd1a2717ef00014eabd78543231714f) Importer(815301076,1909f56bfc062723c751e8b465ee728b) (PreviewImporter) -> (artifact id: '00000000000000000000000000000000') in 0.0017639 seconds
Import Error Code:(4)
Message: Build asset version error: assets/scrips/weapon.cs in SourceAssetDB has modification time of '2025-09-29T00:04:09.9827828Z' while content on disk has modification time of '2025-09-29T00:04:20.7407125Z'
  ERROR: Build asset version error: assets/scrips/weapon.cs in SourceAssetDB has modification time of '2025-09-29T00:04:09.9827828Z' while content on disk has modification time of '2025-09-29T00:04:20.7407125Z'
Number of updated asset objects reloaded before import = 0Number of asset objects unloaded after import = 0

========================================================================
Received Import Request.
  Time since last request: 0.000027 seconds.
  path: Assets/Scrips/Weapon.cs
  artifactKey: Guid(ccd1a2717ef00014eabd78543231714f) Importer(815301076,1909f56bfc062723c751e8b465ee728b)
Start importing Assets/Scrips/Weapon.cs using Guid(ccd1a2717ef00014eabd78543231714f) Importer(815301076,1909f56bfc062723c751e8b465ee728b) (PreviewImporter) -> (artifact id: '00000000000000000000000000000000') in 0.0007031 seconds
Import Error Code:(4)
Message: Build asset version error: assets/scrips/weapon.cs in SourceAssetDB has modification time of '2025-09-29T00:04:09.9827828Z' while content on disk has modification time of '2025-09-29T00:04:20.7407125Z'
  ERROR: Build asset version error: assets/scrips/weapon.cs in SourceAssetDB has modification time of '2025-09-29T00:04:09.9827828Z' while content on disk has modification time of '2025-09-29T00:04:20.7407125Z'
Number of updated asset objects reloaded before import = 0Number of asset objects unloaded after import = 0

========================================================================
Received Import Request.
  Time since last request: 0.000016 seconds.
  path: Assets/Scrips/Weapon.cs
  artifactKey: Guid(ccd1a2717ef00014eabd78543231714f) Importer(815301076,1909f56bfc062723c751e8b465ee728b)
Start importing Assets/Scrips/Weapon.cs using Guid(ccd1a2717ef00014eabd78543231714f) Importer(815301076,1909f56bfc062723c751e8b465ee728b) (PreviewImporter) -> (artifact id: '00000000000000000000000000000000') in 0.0006164 seconds
Import Error Code:(4)
Message: Build asset version error: assets/scrips/weapon.cs in SourceAssetDB has modification time of '2025-09-29T00:04:09.9827828Z' while content on disk has modification time of '2025-09-29T00:04:20.7407125Z'
  ERROR: Build asset version error: assets/scrips/weapon.cs in SourceAssetDB has modification time of '2025-09-29T00:04:09.9827828Z' while content on disk has modification time of '2025-09-29T00:04:20.7407125Z'
Number of updated asset objects reloaded before import = 0Number of asset objects unloaded after import = 0

========================================================================
Received Import Request.
  Time since last request: 0.000015 seconds.
  path: Assets/Scrips/Weapon.cs
  artifactKey: Guid(ccd1a2717ef00014eabd78543231714f) Importer(815301076,1909f56bfc062723c751e8b465ee728b)
Start importing Assets/Scrips/Weapon.cs using Guid(ccd1a2717ef00014eabd78543231714f) Importer(815301076,1909f56bfc062723c751e8b465ee728b) (PreviewImporter) -> (artifact id: '00000000000000000000000000000000') in 0.0007308 seconds
Import Error Code:(4)
Message: Build asset version error: assets/scrips/weapon.cs in SourceAssetDB has modification time of '2025-09-29T00:04:09.9827828Z' while content on disk has modification time of '2025-09-29T00:04:20.7407125Z'
  ERROR: Build asset version error: assets/scrips/weapon.cs in SourceAssetDB has modification time of '2025-09-29T00:04:09.9827828Z' while content on disk has modification time of '2025-09-29T00:04:20.7407125Z'
Number of updated asset objects reloaded before import = 0Number of asset objects unloaded after import = 0

========================================================================
Received Import Request.
  Time since last request: 0.000018 seconds.
  path: Assets/Scrips/Weapon.cs
  artifactKey: Guid(ccd1a2717ef00014eabd78543231714f) Importer(815301076,1909f56bfc062723c751e8b465ee728b)
Start importing Assets/Scrips/Weapon.cs using Guid(ccd1a2717ef00014eabd78543231714f) Importer(815301076,1909f56bfc062723c751e8b465ee728b) (PreviewImporter) -> (artifact id: '00000000000000000000000000000000') in 0.0006099 seconds
Import Error Code:(4)
Message: Build asset version error: assets/scrips/weapon.cs in SourceAssetDB has modification time of '2025-09-29T00:04:09.9827828Z' while content on disk has modification time of '2025-09-29T00:04:20.7407125Z'
  ERROR: Build asset version error: assets/scrips/weapon.cs in SourceAssetDB has modification time of '2025-09-29T00:04:09.9827828Z' while content on disk has modification time of '2025-09-29T00:04:20.7407125Z'
Number of updated asset objects reloaded before import = 0Number of asset objects unloaded after import = 0

========================================================================
Received Import Request.
  Time since last request: 0.000016 seconds.
  path: Assets/Scrips/Weapon.cs
  artifactKey: Guid(ccd1a2717ef00014eabd78543231714f) Importer(815301076,1909f56bfc062723c751e8b465ee728b)
Start importing Assets/Scrips/Weapon.cs using Guid(ccd1a2717ef00014eabd78543231714f) Importer(815301076,1909f56bfc062723c751e8b465ee728b) (PreviewImporter) -> (artifact id: '00000000000000000000000000000000') in 0.0005099 seconds
Import Error Code:(4)
Message: Build asset version error: assets/scrips/weapon.cs in SourceAssetDB has modification time of '2025-09-29T00:04:09.9827828Z' while content on disk has modification time of '2025-09-29T00:04:20.7407125Z'
  ERROR: Build asset version error: assets/scrips/weapon.cs in SourceAssetDB has modification time of '2025-09-29T00:04:09.9827828Z' while content on disk has modification time of '2025-09-29T00:04:20.7407125Z'
Number of updated asset objects reloaded before import = 0Number of asset objects unloaded after import = 0

========================================================================
Received Import Request.
  Time since last request: 0.000028 seconds.
  path: Assets/Scrips/Weapon.cs
  artifactKey: Guid(ccd1a2717ef00014eabd78543231714f) Importer(815301076,1909f56bfc062723c751e8b465ee728b)
Start importing Assets/Scrips/Weapon.cs using Guid(ccd1a2717ef00014eabd78543231714f) Importer(815301076,1909f56bfc062723c751e8b465ee728b) (PreviewImporter) -> (artifact id: '00000000000000000000000000000000') in 0.0005718 seconds
Import Error Code:(4)
Message: Build asset version error: assets/scrips/weapon.cs in SourceAssetDB has modification time of '2025-09-29T00:04:09.9827828Z' while content on disk has modification time of '2025-09-29T00:04:20.7407125Z'
  ERROR: Build asset version error: assets/scrips/weapon.cs in SourceAssetDB has modification time of '2025-09-29T00:04:09.9827828Z' while content on disk has modification time of '2025-09-29T00:04:20.7407125Z'
Number of updated asset objects reloaded before import = 0Number of asset objects unloaded after import = 0

========================================================================
Received Import Request.
  Time since last request: 0.000016 seconds.
  path: Assets/Scrips/Weapon.cs
  artifactKey: Guid(ccd1a2717ef00014eabd78543231714f) Importer(815301076,1909f56bfc062723c751e8b465ee728b)
Start importing Assets/Scrips/Weapon.cs using Guid(ccd1a2717ef00014eabd78543231714f) Importer(815301076,1909f56bfc062723c751e8b465ee728b) (PreviewImporter) -> (artifact id: '00000000000000000000000000000000') in 0.0006061 seconds
Import Error Code:(4)
Message: Build asset version error: assets/scrips/weapon.cs in SourceAssetDB has modification time of '2025-09-29T00:04:09.9827828Z' while content on disk has modification time of '2025-09-29T00:04:20.7407125Z'
  ERROR: Build asset version error: assets/scrips/weapon.cs in SourceAssetDB has modification time of '2025-09-29T00:04:09.9827828Z' while content on disk has modification time of '2025-09-29T00:04:20.7407125Z'
Number of updated asset objects reloaded before import = 0Number of asset objects unloaded after import = 0

========================================================================
Received Import Request.
  Time since last request: 0.000015 seconds.
  path: Assets/Scrips/Weapon.cs
  artifactKey: Guid(ccd1a2717ef00014eabd78543231714f) Importer(815301076,1909f56bfc062723c751e8b465ee728b)
Start importing Assets/Scrips/Weapon.cs using Guid(ccd1a2717ef00014eabd78543231714f) Importer(815301076,1909f56bfc062723c751e8b465ee728b) (PreviewImporter) -> (artifact id: '00000000000000000000000000000000') in 0.0005444 seconds
Import Error Code:(4)
Message: Build asset version error: assets/scrips/weapon.cs in SourceAssetDB has modification time of '2025-09-29T00:04:09.9827828Z' while content on disk has modification time of '2025-09-29T00:04:20.7407125Z'
  ERROR: Build asset version error: assets/scrips/weapon.cs in SourceAssetDB has modification time of '2025-09-29T00:04:09.9827828Z' while content on disk has modification time of '2025-09-29T00:04:20.7407125Z'
Number of updated asset objects reloaded before import = 0Number of asset objects unloaded after import = 0

========================================================================
Received Import Request.
  Time since last request: 0.000017 seconds.
  path: Assets/Scrips/Weapon.cs
  artifactKey: Guid(ccd1a2717ef00014eabd78543231714f) Importer(815301076,1909f56bfc062723c751e8b465ee728b)
Start importing Assets/Scrips/Weapon.cs using Guid(ccd1a2717ef00014eabd78543231714f) Importer(815301076,1909f56bfc062723c751e8b465ee728b) (PreviewImporter) -> (artifact id: '00000000000000000000000000000000') in 0.0006771 seconds
Import Error Code:(4)
Message: Build asset version error: assets/scrips/weapon.cs in SourceAssetDB has modification time of '2025-09-29T00:04:09.9827828Z' while content on disk has modification time of '2025-09-29T00:04:20.7407125Z'
  ERROR: Build asset version error: assets/scrips/weapon.cs in SourceAssetDB has modification time of '2025-09-29T00:04:09.9827828Z' while content on disk has modification time of '2025-09-29T00:04:20.7407125Z'
Number of updated asset objects reloaded before import = 0Number of asset objects unloaded after import = 0

========================================================================
Received Import Request.
  Time since last request: 0.000019 seconds.
  path: Assets/Scrips/Weapon.cs
  artifactKey: Guid(ccd1a2717ef00014eabd78543231714f) Importer(815301076,1909f56bfc062723c751e8b465ee728b)
Start importing Assets/Scrips/Weapon.cs using Guid(ccd1a2717ef00014eabd78543231714f) Importer(815301076,1909f56bfc062723c751e8b465ee728b) (PreviewImporter) -> (artifact id: '00000000000000000000000000000000') in 0.0007653 seconds
Import Error Code:(4)
Message: Build asset version error: assets/scrips/weapon.cs in SourceAssetDB has modification time of '2025-09-29T00:04:09.9827828Z' while content on disk has modification time of '2025-09-29T00:04:20.7407125Z'
  ERROR: Build asset version error: assets/scrips/weapon.cs in SourceAssetDB has modification time of '2025-09-29T00:04:09.9827828Z' while content on disk has modification time of '2025-09-29T00:04:20.7407125Z'
Number of updated asset objects reloaded before import = 0Number of asset objects unloaded after import = 0

========================================================================
Received Import Request.
  Time since last request: 0.000029 seconds.
  path: Assets/Scrips/Weapon.cs
  artifactKey: Guid(ccd1a2717ef00014eabd78543231714f) Importer(815301076,1909f56bfc062723c751e8b465ee728b)
Start importing Assets/Scrips/Weapon.cs using Guid(ccd1a2717ef00014eabd78543231714f) Importer(815301076,1909f56bfc062723c751e8b465ee728b) (PreviewImporter) -> (artifact id: '00000000000000000000000000000000') in 0.0006858 seconds
Import Error Code:(4)
Message: Build asset version error: assets/scrips/weapon.cs in SourceAssetDB has modification time of '2025-09-29T00:04:09.9827828Z' while content on disk has modification time of '2025-09-29T00:04:20.7407125Z'
  ERROR: Build asset version error: assets/scrips/weapon.cs in SourceAssetDB has modification time of '2025-09-29T00:04:09.9827828Z' while content on disk has modification time of '2025-09-29T00:04:20.7407125Z'
Number of updated asset objects reloaded before import = 0Number of asset objects unloaded after import = 0

========================================================================
Received Import Request.
  Time since last request: 0.000016 seconds.
  path: Assets/Scrips/Weapon.cs
  artifactKey: Guid(ccd1a2717ef00014eabd78543231714f) Importer(815301076,1909f56bfc062723c751e8b465ee728b)
Start importing Assets/Scrips/Weapon.cs using Guid(ccd1a2717ef00014eabd78543231714f) Importer(815301076,1909f56bfc062723c751e8b465ee728b) (PreviewImporter) -> (artifact id: '00000000000000000000000000000000') in 0.0012963 seconds
Import Error Code:(4)
Message: Build asset version error: assets/scrips/weapon.cs in SourceAssetDB has modification time of '2025-09-29T00:04:09.9827828Z' while content on disk has modification time of '2025-09-29T00:04:20.7407125Z'
  ERROR: Build asset version error: assets/scrips/weapon.cs in SourceAssetDB has modification time of '2025-09-29T00:04:09.9827828Z' while content on disk has modification time of '2025-09-29T00:04:20.7407125Z'
Number of updated asset objects reloaded before import = 0Number of asset objects unloaded after import = 0

========================================================================
Received Import Request.
  Time since last request: 0.000018 seconds.
  path: Assets/Scrips/Weapon.cs
  artifactKey: Guid(ccd1a2717ef00014eabd78543231714f) Importer(815301076,1909f56bfc062723c751e8b465ee728b)
Start importing Assets/Scrips/Weapon.cs using Guid(ccd1a2717ef00014eabd78543231714f) Importer(815301076,1909f56bfc062723c751e8b465ee728b) (PreviewImporter) -> (artifact id: '00000000000000000000000000000000') in 0.0006944 seconds
Import Error Code:(4)
Message: Build asset version error: assets/scrips/weapon.cs in SourceAssetDB has modification time of '2025-09-29T00:04:09.9827828Z' while content on disk has modification time of '2025-09-29T00:04:20.7407125Z'
  ERROR: Build asset version error: assets/scrips/weapon.cs in SourceAssetDB has modification time of '2025-09-29T00:04:09.9827828Z' while content on disk has modification time of '2025-09-29T00:04:20.7407125Z'
Number of updated asset objects reloaded before import = 0Number of asset objects unloaded after import = 0

========================================================================
Received Import Request.
  Time since last request: 0.000016 seconds.
  path: Assets/Scrips/Weapon.cs
  artifactKey: Guid(ccd1a2717ef00014eabd78543231714f) Importer(815301076,1909f56bfc062723c751e8b465ee728b)
Start importing Assets/Scrips/Weapon.cs using Guid(ccd1a2717ef00014eabd78543231714f) Importer(815301076,1909f56bfc062723c751e8b465ee728b) (PreviewImporter) -> (artifact id: '00000000000000000000000000000000') in 0.0007971 seconds
Import Error Code:(4)
Message: Build asset version error: assets/scrips/weapon.cs in SourceAssetDB has modification time of '2025-09-29T00:04:09.9827828Z' while content on disk has modification time of '2025-09-29T00:04:20.7407125Z'
  ERROR: Build asset version error: assets/scrips/weapon.cs in SourceAssetDB has modification time of '2025-09-29T00:04:09.9827828Z' while content on disk has modification time of '2025-09-29T00:04:20.7407125Z'
Number of updated asset objects reloaded before import = 0Number of asset objects unloaded after import = 0

========================================================================
Received Import Request.
  Time since last request: 0.000018 seconds.
  path: Assets/Scrips/Weapon.cs
  artifactKey: Guid(ccd1a2717ef00014eabd78543231714f) Importer(815301076,1909f56bfc062723c751e8b465ee728b)
Start importing Assets/Scrips/Weapon.cs using Guid(ccd1a2717ef00014eabd78543231714f) Importer(815301076,1909f56bfc062723c751e8b465ee728b) (PreviewImporter) -> (artifact id: '00000000000000000000000000000000') in 0.0006268 seconds
Import Error Code:(4)
Message: Build asset version error: assets/scrips/weapon.cs in SourceAssetDB has modification time of '2025-09-29T00:04:09.9827828Z' while content on disk has modification time of '2025-09-29T00:04:20.7407125Z'
  ERROR: Build asset version error: assets/scrips/weapon.cs in SourceAssetDB has modification time of '2025-09-29T00:04:09.9827828Z' while content on disk has modification time of '2025-09-29T00:04:20.7407125Z'
Number of updated asset objects reloaded before import = 0Number of asset objects unloaded after import = 0

========================================================================
Received Import Request.
  Time since last request: 0.000029 seconds.
  path: Assets/Scrips/Weapon.cs
  artifactKey: Guid(ccd1a2717ef00014eabd78543231714f) Importer(815301076,1909f56bfc062723c751e8b465ee728b)
Start importing Assets/Scrips/Weapon.cs using Guid(ccd1a2717ef00014eabd78543231714f) Importer(815301076,1909f56bfc062723c751e8b465ee728b) (PreviewImporter) -> (artifact id: '00000000000000000000000000000000') in 0.0005594 seconds
Import Error Code:(4)
Message: Build asset version error: assets/scrips/weapon.cs in SourceAssetDB has modification time of '2025-09-29T00:04:09.9827828Z' while content on disk has modification time of '2025-09-29T00:04:20.7407125Z'
  ERROR: Build asset version error: assets/scrips/weapon.cs in SourceAssetDB has modification time of '2025-09-29T00:04:09.9827828Z' while content on disk has modification time of '2025-09-29T00:04:20.7407125Z'
Number of updated asset objects reloaded before import = 0Number of asset objects unloaded after import = 0

========================================================================
Received Import Request.
  Time since last request: 0.000017 seconds.
  path: Assets/Scrips/Weapon.cs
  artifactKey: Guid(ccd1a2717ef00014eabd78543231714f) Importer(815301076,1909f56bfc062723c751e8b465ee728b)
Start importing Assets/Scrips/Weapon.cs using Guid(ccd1a2717ef00014eabd78543231714f) Importer(815301076,1909f56bfc062723c751e8b465ee728b) (PreviewImporter) -> (artifact id: '00000000000000000000000000000000') in 0.0009441 seconds
Import Error Code:(4)
Message: Build asset version error: assets/scrips/weapon.cs in SourceAssetDB has modification time of '2025-09-29T00:04:09.9827828Z' while content on disk has modification time of '2025-09-29T00:04:20.7407125Z'
  ERROR: Build asset version error: assets/scrips/weapon.cs in SourceAssetDB has modification time of '2025-09-29T00:04:09.9827828Z' while content on disk has modification time of '2025-09-29T00:04:20.7407125Z'
Number of updated asset objects reloaded before import = 0Number of asset objects unloaded after import = 0

========================================================================
Received Import Request.
  Time since last request: 0.000015 seconds.
  path: Assets/Scrips/Weapon.cs
  artifactKey: Guid(ccd1a2717ef00014eabd78543231714f) Importer(815301076,1909f56bfc062723c751e8b465ee728b)
Start importing Assets/Scrips/Weapon.cs using Guid(ccd1a2717ef00014eabd78543231714f) Importer(815301076,1909f56bfc062723c751e8b465ee728b) (PreviewImporter) -> (artifact id: '00000000000000000000000000000000') in 0.0006231 seconds
Import Error Code:(4)
Message: Build asset version error: assets/scrips/weapon.cs in SourceAssetDB has modification time of '2025-09-29T00:04:09.9827828Z' while content on disk has modification time of '2025-09-29T00:04:20.7407125Z'
  ERROR: Build asset version error: assets/scrips/weapon.cs in SourceAssetDB has modification time of '2025-09-29T00:04:09.9827828Z' while content on disk has modification time of '2025-09-29T00:04:20.7407125Z'
Number of updated asset objects reloaded before import = 0Number of asset objects unloaded after import = 0

========================================================================
Received Import Request.
  Time since last request: 0.000015 seconds.
  path: Assets/Scrips/Weapon.cs
  artifactKey: Guid(ccd1a2717ef00014eabd78543231714f) Importer(815301076,1909f56bfc062723c751e8b465ee728b)
Start importing Assets/Scrips/Weapon.cs using Guid(ccd1a2717ef00014eabd78543231714f) Importer(815301076,1909f56bfc062723c751e8b465ee728b) (PreviewImporter) -> (artifact id: '00000000000000000000000000000000') in 0.0006525 seconds
Import Error Code:(4)
Message: Build asset version error: assets/scrips/weapon.cs in SourceAssetDB has modification time of '2025-09-29T00:04:09.9827828Z' while content on disk has modification time of '2025-09-29T00:04:20.7407125Z'
  ERROR: Build asset version error: assets/scrips/weapon.cs in SourceAssetDB has modification time of '2025-09-29T00:04:09.9827828Z' while content on disk has modification time of '2025-09-29T00:04:20.7407125Z'
Number of updated asset objects reloaded before import = 0Number of asset objects unloaded after import = 0

========================================================================
Received Import Request.
  Time since last request: 0.000019 seconds.
  path: Assets/Scrips/Weapon.cs
  artifactKey: Guid(ccd1a2717ef00014eabd78543231714f) Importer(815301076,1909f56bfc062723c751e8b465ee728b)
Start importing Assets/Scrips/Weapon.cs using Guid(ccd1a2717ef00014eabd78543231714f) Importer(815301076,1909f56bfc062723c751e8b465ee728b) (PreviewImporter) -> (artifact id: '00000000000000000000000000000000') in 0.0006351 seconds
Import Error Code:(4)
Message: Build asset version error: assets/scrips/weapon.cs in SourceAssetDB has modification time of '2025-09-29T00:04:09.9827828Z' while content on disk has modification time of '2025-09-29T00:04:20.7407125Z'
  ERROR: Build asset version error: assets/scrips/weapon.cs in SourceAssetDB has modification time of '2025-09-29T00:04:09.9827828Z' while content on disk has modification time of '2025-09-29T00:04:20.7407125Z'
Number of updated asset objects reloaded before import = 0Number of asset objects unloaded after import = 0

========================================================================
Received Import Request.
  Time since last request: 0.000027 seconds.
  path: Assets/Scrips/Weapon.cs
  artifactKey: Guid(ccd1a2717ef00014eabd78543231714f) Importer(815301076,1909f56bfc062723c751e8b465ee728b)
Start importing Assets/Scrips/Weapon.cs using Guid(ccd1a2717ef00014eabd78543231714f) Importer(815301076,1909f56bfc062723c751e8b465ee728b) (PreviewImporter) -> (artifact id: '00000000000000000000000000000000') in 0.0006339 seconds
Import Error Code:(4)
Message: Build asset version error: assets/scrips/weapon.cs in SourceAssetDB has modification time of '2025-09-29T00:04:09.9827828Z' while content on disk has modification time of '2025-09-29T00:04:20.7407125Z'
  ERROR: Build asset version error: assets/scrips/weapon.cs in SourceAssetDB has modification time of '2025-09-29T00:04:09.9827828Z' while content on disk has modification time of '2025-09-29T00:04:20.7407125Z'
Number of updated asset objects reloaded before import = 0Number of asset objects unloaded after import = 0

========================================================================
Received Import Request.
  Time since last request: 0.000017 seconds.
  path: Assets/Scrips/Weapon.cs
  artifactKey: Guid(ccd1a2717ef00014eabd78543231714f) Importer(815301076,1909f56bfc062723c751e8b465ee728b)
Start importing Assets/Scrips/Weapon.cs using Guid(ccd1a2717ef00014eabd78543231714f) Importer(815301076,1909f56bfc062723c751e8b465ee728b) (PreviewImporter) -> (artifact id: '00000000000000000000000000000000') in 0.0006241 seconds
Import Error Code:(4)
Message: Build asset version error: assets/scrips/weapon.cs in SourceAssetDB has modification time of '2025-09-29T00:04:09.9827828Z' while content on disk has modification time of '2025-09-29T00:04:20.7407125Z'
  ERROR: Build asset version error: assets/scrips/weapon.cs in SourceAssetDB has modification time of '2025-09-29T00:04:09.9827828Z' while content on disk has modification time of '2025-09-29T00:04:20.7407125Z'
Number of updated asset objects reloaded before import = 0Number of asset objects unloaded after import = 0

========================================================================
Received Import Request.
  Time since last request: 0.000017 seconds.
  path: Assets/Scrips/Weapon.cs
  artifactKey: Guid(ccd1a2717ef00014eabd78543231714f) Importer(815301076,1909f56bfc062723c751e8b465ee728b)
Start importing Assets/Scrips/Weapon.cs using Guid(ccd1a2717ef00014eabd78543231714f) Importer(815301076,1909f56bfc062723c751e8b465ee728b) (PreviewImporter) -> (artifact id: '00000000000000000000000000000000') in 0.0005828 seconds
Import Error Code:(4)
Message: Build asset version error: assets/scrips/weapon.cs in SourceAssetDB has modification time of '2025-09-29T00:04:09.9827828Z' while content on disk has modification time of '2025-09-29T00:04:20.7407125Z'
  ERROR: Build asset version error: assets/scrips/weapon.cs in SourceAssetDB has modification time of '2025-09-29T00:04:09.9827828Z' while content on disk has modification time of '2025-09-29T00:04:20.7407125Z'
Number of updated asset objects reloaded before import = 0Number of asset objects unloaded after import = 0

========================================================================
Received Import Request.
  Time since last request: 0.000017 seconds.
  path: Assets/Scrips/Weapon.cs
  artifactKey: Guid(ccd1a2717ef00014eabd78543231714f) Importer(815301076,1909f56bfc062723c751e8b465ee728b)
Start importing Assets/Scrips/Weapon.cs using Guid(ccd1a2717ef00014eabd78543231714f) Importer(815301076,1909f56bfc062723c751e8b465ee728b) (PreviewImporter) -> (artifact id: '00000000000000000000000000000000') in 0.0007724 seconds
Import Error Code:(4)
Message: Build asset version error: assets/scrips/weapon.cs in SourceAssetDB has modification time of '2025-09-29T00:04:09.9827828Z' while content on disk has modification time of '2025-09-29T00:04:20.7407125Z'
  ERROR: Build asset version error: assets/scrips/weapon.cs in SourceAssetDB has modification time of '2025-09-29T00:04:09.9827828Z' while content on disk has modification time of '2025-09-29T00:04:20.7407125Z'
Number of updated asset objects reloaded before import = 0Number of asset objects unloaded after import = 0

========================================================================
Received Import Request.
  Time since last request: 0.000019 seconds.
  path: Assets/Scrips/Weapon.cs
  artifactKey: Guid(ccd1a2717ef00014eabd78543231714f) Importer(815301076,1909f56bfc062723c751e8b465ee728b)
Start importing Assets/Scrips/Weapon.cs using Guid(ccd1a2717ef00014eabd78543231714f) Importer(815301076,1909f56bfc062723c751e8b465ee728b) (PreviewImporter) -> (artifact id: '00000000000000000000000000000000') in 0.0007544 seconds
Import Error Code:(4)
Message: Build asset version error: assets/scrips/weapon.cs in SourceAssetDB has modification time of '2025-09-29T00:04:09.9827828Z' while content on disk has modification time of '2025-09-29T00:04:20.7407125Z'
  ERROR: Build asset version error: assets/scrips/weapon.cs in SourceAssetDB has modification time of '2025-09-29T00:04:09.9827828Z' while content on disk has modification time of '2025-09-29T00:04:20.7407125Z'
Number of updated asset objects reloaded before import = 0Number of asset objects unloaded after import = 0

========================================================================
Received Import Request.
  Time since last request: 0.000028 seconds.
  path: Assets/Scrips/Weapon.cs
  artifactKey: Guid(ccd1a2717ef00014eabd78543231714f) Importer(815301076,1909f56bfc062723c751e8b465ee728b)
Start importing Assets/Scrips/Weapon.cs using Guid(ccd1a2717ef00014eabd78543231714f) Importer(815301076,1909f56bfc062723c751e8b465ee728b) (PreviewImporter) -> (artifact id: '00000000000000000000000000000000') in 0.0006221 seconds
Import Error Code:(4)
Message: Build asset version error: assets/scrips/weapon.cs in SourceAssetDB has modification time of '2025-09-29T00:04:09.9827828Z' while content on disk has modification time of '2025-09-29T00:04:20.7407125Z'
  ERROR: Build asset version error: assets/scrips/weapon.cs in SourceAssetDB has modification time of '2025-09-29T00:04:09.9827828Z' while content on disk has modification time of '2025-09-29T00:04:20.7407125Z'
Number of updated asset objects reloaded before import = 0Number of asset objects unloaded after import = 0

========================================================================
Received Import Request.
  Time since last request: 0.000016 seconds.
  path: Assets/Scrips/Weapon.cs
  artifactKey: Guid(ccd1a2717ef00014eabd78543231714f) Importer(815301076,1909f56bfc062723c751e8b465ee728b)
Start importing Assets/Scrips/Weapon.cs using Guid(ccd1a2717ef00014eabd78543231714f) Importer(815301076,1909f56bfc062723c751e8b465ee728b) (PreviewImporter) -> (artifact id: '00000000000000000000000000000000') in 0.0005685 seconds
Import Error Code:(4)
Message: Build asset version error: assets/scrips/weapon.cs in SourceAssetDB has modification time of '2025-09-29T00:04:09.9827828Z' while content on disk has modification time of '2025-09-29T00:04:20.7407125Z'
  ERROR: Build asset version error: assets/scrips/weapon.cs in SourceAssetDB has modification time of '2025-09-29T00:04:09.9827828Z' while content on disk has modification time of '2025-09-29T00:04:20.7407125Z'
Number of updated asset objects reloaded before import = 0Number of asset objects unloaded after import = 0

========================================================================
Received Import Request.
  Time since last request: 0.000016 seconds.
  path: Assets/Scrips/Weapon.cs
  artifactKey: Guid(ccd1a2717ef00014eabd78543231714f) Importer(815301076,1909f56bfc062723c751e8b465ee728b)
Start importing Assets/Scrips/Weapon.cs using Guid(ccd1a2717ef00014eabd78543231714f) Importer(815301076,1909f56bfc062723c751e8b465ee728b) (PreviewImporter) -> (artifact id: '00000000000000000000000000000000') in 0.0007517 seconds
Import Error Code:(4)
Message: Build asset version error: assets/scrips/weapon.cs in SourceAssetDB has modification time of '2025-09-29T00:04:09.9827828Z' while content on disk has modification time of '2025-09-29T00:04:20.7407125Z'
  ERROR: Build asset version error: assets/scrips/weapon.cs in SourceAssetDB has modification time of '2025-09-29T00:04:09.9827828Z' while content on disk has modification time of '2025-09-29T00:04:20.7407125Z'
Number of updated asset objects reloaded before import = 0Number of asset objects unloaded after import = 0

========================================================================
Received Import Request.
  Time since last request: 0.000016 seconds.
  path: Assets/Scrips/Weapon.cs
  artifactKey: Guid(ccd1a2717ef00014eabd78543231714f) Importer(815301076,1909f56bfc062723c751e8b465ee728b)
Start importing Assets/Scrips/Weapon.cs using Guid(ccd1a2717ef00014eabd78543231714f) Importer(815301076,1909f56bfc062723c751e8b465ee728b) (PreviewImporter) -> (artifact id: '00000000000000000000000000000000') in 0.0006808 seconds
Import Error Code:(4)
Message: Build asset version error: assets/scrips/weapon.cs in SourceAssetDB has modification time of '2025-09-29T00:04:09.9827828Z' while content on disk has modification time of '2025-09-29T00:04:20.7407125Z'
  ERROR: Build asset version error: assets/scrips/weapon.cs in SourceAssetDB has modification time of '2025-09-29T00:04:09.9827828Z' while content on disk has modification time of '2025-09-29T00:04:20.7407125Z'
Number of updated asset objects reloaded before import = 0Number of asset objects unloaded after import = 0

========================================================================
Received Import Request.
  Time since last request: 0.000019 seconds.
  path: Assets/Scrips/Weapon.cs
  artifactKey: Guid(ccd1a2717ef00014eabd78543231714f) Importer(815301076,1909f56bfc062723c751e8b465ee728b)
Start importing Assets/Scrips/Weapon.cs using Guid(ccd1a2717ef00014eabd78543231714f) Importer(815301076,1909f56bfc062723c751e8b465ee728b) (PreviewImporter) -> (artifact id: '00000000000000000000000000000000') in 0.0007111 seconds
Import Error Code:(4)
Message: Build asset version error: assets/scrips/weapon.cs in SourceAssetDB has modification time of '2025-09-29T00:04:09.9827828Z' while content on disk has modification time of '2025-09-29T00:04:20.7407125Z'
  ERROR: Build asset version error: assets/scrips/weapon.cs in SourceAssetDB has modification time of '2025-09-29T00:04:09.9827828Z' while content on disk has modification time of '2025-09-29T00:04:20.7407125Z'
Number of updated asset objects reloaded before import = 0Number of asset objects unloaded after import = 0

========================================================================
Received Import Request.
  Time since last request: 0.000027 seconds.
  path: Assets/Scrips/Weapon.cs
  artifactKey: Guid(ccd1a2717ef00014eabd78543231714f) Importer(815301076,1909f56bfc062723c751e8b465ee728b)
Start importing Assets/Scrips/Weapon.cs using Guid(ccd1a2717ef00014eabd78543231714f) Importer(815301076,1909f56bfc062723c751e8b465ee728b) (PreviewImporter) -> (artifact id: '00000000000000000000000000000000') in 0.0005479 seconds
Import Error Code:(4)
Message: Build asset version error: assets/scrips/weapon.cs in SourceAssetDB has modification time of '2025-09-29T00:04:09.9827828Z' while content on disk has modification time of '2025-09-29T00:04:20.7407125Z'
  ERROR: Build asset version error: assets/scrips/weapon.cs in SourceAssetDB has modification time of '2025-09-29T00:04:09.9827828Z' while content on disk has modification time of '2025-09-29T00:04:20.7407125Z'
Number of updated asset objects reloaded before import = 0Number of asset objects unloaded after import = 0

========================================================================
Received Import Request.
  Time since last request: 0.000016 seconds.
  path: Assets/Scrips/Weapon.cs
  artifactKey: Guid(ccd1a2717ef00014eabd78543231714f) Importer(815301076,1909f56bfc062723c751e8b465ee728b)
Start importing Assets/Scrips/Weapon.cs using Guid(ccd1a2717ef00014eabd78543231714f) Importer(815301076,1909f56bfc062723c751e8b465ee728b) (PreviewImporter) -> (artifact id: '00000000000000000000000000000000') in 0.0006598 seconds
Import Error Code:(4)
Message: Build asset version error: assets/scrips/weapon.cs in SourceAssetDB has modification time of '2025-09-29T00:04:09.9827828Z' while content on disk has modification time of '2025-09-29T00:04:20.7407125Z'
  ERROR: Build asset version error: assets/scrips/weapon.cs in SourceAssetDB has modification time of '2025-09-29T00:04:09.9827828Z' while content on disk has modification time of '2025-09-29T00:04:20.7407125Z'
Number of updated asset objects reloaded before import = 0Number of asset objects unloaded after import = 0

========================================================================
Received Import Request.
  Time since last request: 0.000016 seconds.
  path: Assets/Scrips/Weapon.cs
  artifactKey: Guid(ccd1a2717ef00014eabd78543231714f) Importer(815301076,1909f56bfc062723c751e8b465ee728b)
Start importing Assets/Scrips/Weapon.cs using Guid(ccd1a2717ef00014eabd78543231714f) Importer(815301076,1909f56bfc062723c751e8b465ee728b) (PreviewImporter) -> (artifact id: '00000000000000000000000000000000') in 0.0007351 seconds
Import Error Code:(4)
Message: Build asset version error: assets/scrips/weapon.cs in SourceAssetDB has modification time of '2025-09-29T00:04:09.9827828Z' while content on disk has modification time of '2025-09-29T00:04:20.7407125Z'
  ERROR: Build asset version error: assets/scrips/weapon.cs in SourceAssetDB has modification time of '2025-09-29T00:04:09.9827828Z' while content on disk has modification time of '2025-09-29T00:04:20.7407125Z'
Number of updated asset objects reloaded before import = 0Number of asset objects unloaded after import = 0

========================================================================
Received Import Request.
  Time since last request: 0.000016 seconds.
  path: Assets/Scrips/Weapon.cs
  artifactKey: Guid(ccd1a2717ef00014eabd78543231714f) Importer(815301076,1909f56bfc062723c751e8b465ee728b)
Start importing Assets/Scrips/Weapon.cs using Guid(ccd1a2717ef00014eabd78543231714f) Importer(815301076,1909f56bfc062723c751e8b465ee728b) (PreviewImporter) -> (artifact id: '00000000000000000000000000000000') in 0.0006112 seconds
Import Error Code:(4)
Message: Build asset version error: assets/scrips/weapon.cs in SourceAssetDB has modification time of '2025-09-29T00:04:09.9827828Z' while content on disk has modification time of '2025-09-29T00:04:20.7407125Z'
  ERROR: Build asset version error: assets/scrips/weapon.cs in SourceAssetDB has modification time of '2025-09-29T00:04:09.9827828Z' while content on disk has modification time of '2025-09-29T00:04:20.7407125Z'
Number of updated asset objects reloaded before import = 0Number of asset objects unloaded after import = 0

========================================================================
Received Import Request.
  Time since last request: 0.000019 seconds.
  path: Assets/Scrips/Weapon.cs
  artifactKey: Guid(ccd1a2717ef00014eabd78543231714f) Importer(815301076,1909f56bfc062723c751e8b465ee728b)
Start importing Assets/Scrips/Weapon.cs using Guid(ccd1a2717ef00014eabd78543231714f) Importer(815301076,1909f56bfc062723c751e8b465ee728b) (PreviewImporter) -> (artifact id: '00000000000000000000000000000000') in 0.000545 seconds
Import Error Code:(4)
Message: Build asset version error: assets/scrips/weapon.cs in SourceAssetDB has modification time of '2025-09-29T00:04:09.9827828Z' while content on disk has modification time of '2025-09-29T00:04:20.7407125Z'
  ERROR: Build asset version error: assets/scrips/weapon.cs in SourceAssetDB has modification time of '2025-09-29T00:04:09.9827828Z' while content on disk has modification time of '2025-09-29T00:04:20.7407125Z'
Number of updated asset objects reloaded before import = 0Number of asset objects unloaded after import = 0

========================================================================
Received Import Request.
  Time since last request: 0.000029 seconds.
  path: Assets/Scrips/Weapon.cs
  artifactKey: Guid(ccd1a2717ef00014eabd78543231714f) Importer(815301076,1909f56bfc062723c751e8b465ee728b)
Start importing Assets/Scrips/Weapon.cs using Guid(ccd1a2717ef00014eabd78543231714f) Importer(815301076,1909f56bfc062723c751e8b465ee728b) (PreviewImporter) -> (artifact id: '00000000000000000000000000000000') in 0.0006807 seconds
Import Error Code:(4)
Message: Build asset version error: assets/scrips/weapon.cs in SourceAssetDB has modification time of '2025-09-29T00:04:09.9827828Z' while content on disk has modification time of '2025-09-29T00:04:20.7407125Z'
  ERROR: Build asset version error: assets/scrips/weapon.cs in SourceAssetDB has modification time of '2025-09-29T00:04:09.9827828Z' while content on disk has modification time of '2025-09-29T00:04:20.7407125Z'
Number of updated asset objects reloaded before import = 0Number of asset objects unloaded after import = 0

========================================================================
Received Import Request.
  Time since last request: 0.000016 seconds.
  path: Assets/Scrips/Weapon.cs
  artifactKey: Guid(ccd1a2717ef00014eabd78543231714f) Importer(815301076,1909f56bfc062723c751e8b465ee728b)
Start importing Assets/Scrips/Weapon.cs using Guid(ccd1a2717ef00014eabd78543231714f) Importer(815301076,1909f56bfc062723c751e8b465ee728b) (PreviewImporter) -> (artifact id: '00000000000000000000000000000000') in 0.000705 seconds
Import Error Code:(4)
Message: Build asset version error: assets/scrips/weapon.cs in SourceAssetDB has modification time of '2025-09-29T00:04:09.9827828Z' while content on disk has modification time of '2025-09-29T00:04:20.7407125Z'
  ERROR: Build asset version error: assets/scrips/weapon.cs in SourceAssetDB has modification time of '2025-09-29T00:04:09.9827828Z' while content on disk has modification time of '2025-09-29T00:04:20.7407125Z'
Number of updated asset objects reloaded before import = 0Number of asset objects unloaded after import = 0

========================================================================
Received Import Request.
  Time since last request: 0.000016 seconds.
  path: Assets/Scrips/Weapon.cs
  artifactKey: Guid(ccd1a2717ef00014eabd78543231714f) Importer(815301076,1909f56bfc062723c751e8b465ee728b)
Start importing Assets/Scrips/Weapon.cs using Guid(ccd1a2717ef00014eabd78543231714f) Importer(815301076,1909f56bfc062723c751e8b465ee728b) (PreviewImporter) -> (artifact id: '00000000000000000000000000000000') in 0.0007861 seconds
Import Error Code:(4)
Message: Build asset version error: assets/scrips/weapon.cs in SourceAssetDB has modification time of '2025-09-29T00:04:09.9827828Z' while content on disk has modification time of '2025-09-29T00:04:20.7407125Z'
  ERROR: Build asset version error: assets/scrips/weapon.cs in SourceAssetDB has modification time of '2025-09-29T00:04:09.9827828Z' while content on disk has modification time of '2025-09-29T00:04:20.7407125Z'
Number of updated asset objects reloaded before import = 0Number of asset objects unloaded after import = 0

========================================================================
Received Import Request.
  Time since last request: 0.000016 seconds.
  path: Assets/Scrips/Weapon.cs
  artifactKey: Guid(ccd1a2717ef00014eabd78543231714f) Importer(815301076,1909f56bfc062723c751e8b465ee728b)
Start importing Assets/Scrips/Weapon.cs using Guid(ccd1a2717ef00014eabd78543231714f) Importer(815301076,1909f56bfc062723c751e8b465ee728b) (PreviewImporter) -> (artifact id: '00000000000000000000000000000000') in 0.0007747 seconds
Import Error Code:(4)
Message: Build asset version error: assets/scrips/weapon.cs in SourceAssetDB has modification time of '2025-09-29T00:04:09.9827828Z' while content on disk has modification time of '2025-09-29T00:04:20.7407125Z'
  ERROR: Build asset version error: assets/scrips/weapon.cs in SourceAssetDB has modification time of '2025-09-29T00:04:09.9827828Z' while content on disk has modification time of '2025-09-29T00:04:20.7407125Z'
Number of updated asset objects reloaded before import = 0Number of asset objects unloaded after import = 0

========================================================================
Received Import Request.
  Time since last request: 0.000018 seconds.
  path: Assets/Scrips/Weapon.cs
  artifactKey: Guid(ccd1a2717ef00014eabd78543231714f) Importer(815301076,1909f56bfc062723c751e8b465ee728b)
Start importing Assets/Scrips/Weapon.cs using Guid(ccd1a2717ef00014eabd78543231714f) Importer(815301076,1909f56bfc062723c751e8b465ee728b) (PreviewImporter) -> (artifact id: '00000000000000000000000000000000') in 0.0009096 seconds
Import Error Code:(4)
Message: Build asset version error: assets/scrips/weapon.cs in SourceAssetDB has modification time of '2025-09-29T00:04:09.9827828Z' while content on disk has modification time of '2025-09-29T00:04:20.7407125Z'
  ERROR: Build asset version error: assets/scrips/weapon.cs in SourceAssetDB has modification time of '2025-09-29T00:04:09.9827828Z' while content on disk has modification time of '2025-09-29T00:04:20.7407125Z'
Number of updated asset objects reloaded before import = 0Number of asset objects unloaded after import = 0

========================================================================
Received Import Request.
  Time since last request: 0.000026 seconds.
  path: Assets/Scrips/Weapon.cs
  artifactKey: Guid(ccd1a2717ef00014eabd78543231714f) Importer(815301076,1909f56bfc062723c751e8b465ee728b)
Start importing Assets/Scrips/Weapon.cs using Guid(ccd1a2717ef00014eabd78543231714f) Importer(815301076,1909f56bfc062723c751e8b465ee728b) (PreviewImporter) -> (artifact id: '00000000000000000000000000000000') in 0.0005993 seconds
Import Error Code:(4)
Message: Build asset version error: assets/scrips/weapon.cs in SourceAssetDB has modification time of '2025-09-29T00:04:09.9827828Z' while content on disk has modification time of '2025-09-29T00:04:20.7407125Z'
  ERROR: Build asset version error: assets/scrips/weapon.cs in SourceAssetDB has modification time of '2025-09-29T00:04:09.9827828Z' while content on disk has modification time of '2025-09-29T00:04:20.7407125Z'
Number of updated asset objects reloaded before import = 0Number of asset objects unloaded after import = 0

========================================================================
Received Import Request.
  Time since last request: 0.000016 seconds.
  path: Assets/Scrips/Weapon.cs
  artifactKey: Guid(ccd1a2717ef00014eabd78543231714f) Importer(815301076,1909f56bfc062723c751e8b465ee728b)
Start importing Assets/Scrips/Weapon.cs using Guid(ccd1a2717ef00014eabd78543231714f) Importer(815301076,1909f56bfc062723c751e8b465ee728b) (PreviewImporter) -> (artifact id: '00000000000000000000000000000000') in 0.0006797 seconds
Import Error Code:(4)
Message: Build asset version error: assets/scrips/weapon.cs in SourceAssetDB has modification time of '2025-09-29T00:04:09.9827828Z' while content on disk has modification time of '2025-09-29T00:04:20.7407125Z'
  ERROR: Build asset version error: assets/scrips/weapon.cs in SourceAssetDB has modification time of '2025-09-29T00:04:09.9827828Z' while content on disk has modification time of '2025-09-29T00:04:20.7407125Z'
Number of updated asset objects reloaded before import = 0Number of asset objects unloaded after import = 0

========================================================================
Received Import Request.
  Time since last request: 0.000016 seconds.
  path: Assets/Scrips/Weapon.cs
  artifactKey: Guid(ccd1a2717ef00014eabd78543231714f) Importer(815301076,1909f56bfc062723c751e8b465ee728b)
Start importing Assets/Scrips/Weapon.cs using Guid(ccd1a2717ef00014eabd78543231714f) Importer(815301076,1909f56bfc062723c751e8b465ee728b) (PreviewImporter) -> (artifact id: '00000000000000000000000000000000') in 0.0007059 seconds
Import Error Code:(4)
Message: Build asset version error: assets/scrips/weapon.cs in SourceAssetDB has modification time of '2025-09-29T00:04:09.9827828Z' while content on disk has modification time of '2025-09-29T00:04:20.7407125Z'
  ERROR: Build asset version error: assets/scrips/weapon.cs in SourceAssetDB has modification time of '2025-09-29T00:04:09.9827828Z' while content on disk has modification time of '2025-09-29T00:04:20.7407125Z'
Number of updated asset objects reloaded before import = 0Number of asset objects unloaded after import = 0

========================================================================
Received Import Request.
  Time since last request: 0.000017 seconds.
  path: Assets/Scrips/Weapon.cs
  artifactKey: Guid(ccd1a2717ef00014eabd78543231714f) Importer(815301076,1909f56bfc062723c751e8b465ee728b)
Start importing Assets/Scrips/Weapon.cs using Guid(ccd1a2717ef00014eabd78543231714f) Importer(815301076,1909f56bfc062723c751e8b465ee728b) (PreviewImporter) -> (artifact id: '00000000000000000000000000000000') in 0.0006608 seconds
Import Error Code:(4)
Message: Build asset version error: assets/scrips/weapon.cs in SourceAssetDB has modification time of '2025-09-29T00:04:09.9827828Z' while content on disk has modification time of '2025-09-29T00:04:20.7407125Z'
  ERROR: Build asset version error: assets/scrips/weapon.cs in SourceAssetDB has modification time of '2025-09-29T00:04:09.9827828Z' while content on disk has modification time of '2025-09-29T00:04:20.7407125Z'
Number of updated asset objects reloaded before import = 0Number of asset objects unloaded after import = 0

========================================================================
Received Import Request.
  Time since last request: 0.000020 seconds.
  path: Assets/Scrips/Weapon.cs
  artifactKey: Guid(ccd1a2717ef00014eabd78543231714f) Importer(815301076,1909f56bfc062723c751e8b465ee728b)
Start importing Assets/Scrips/Weapon.cs using Guid(ccd1a2717ef00014eabd78543231714f) Importer(815301076,1909f56bfc062723c751e8b465ee728b) (PreviewImporter) -> (artifact id: '00000000000000000000000000000000') in 0.0006719 seconds
Import Error Code:(4)
Message: Build asset version error: assets/scrips/weapon.cs in SourceAssetDB has modification time of '2025-09-29T00:04:09.9827828Z' while content on disk has modification time of '2025-09-29T00:04:20.7407125Z'
  ERROR: Build asset version error: assets/scrips/weapon.cs in SourceAssetDB has modification time of '2025-09-29T00:04:09.9827828Z' while content on disk has modification time of '2025-09-29T00:04:20.7407125Z'
Number of updated asset objects reloaded before import = 0Number of asset objects unloaded after import = 0

========================================================================
Received Import Request.
  Time since last request: 0.000026 seconds.
  path: Assets/Scrips/Weapon.cs
  artifactKey: Guid(ccd1a2717ef00014eabd78543231714f) Importer(815301076,1909f56bfc062723c751e8b465ee728b)
Start importing Assets/Scrips/Weapon.cs using Guid(ccd1a2717ef00014eabd78543231714f) Importer(815301076,1909f56bfc062723c751e8b465ee728b) (PreviewImporter) -> (artifact id: '00000000000000000000000000000000') in 0.0007513 seconds
Import Error Code:(4)
Message: Build asset version error: assets/scrips/weapon.cs in SourceAssetDB has modification time of '2025-09-29T00:04:09.9827828Z' while content on disk has modification time of '2025-09-29T00:04:20.7407125Z'
  ERROR: Build asset version error: assets/scrips/weapon.cs in SourceAssetDB has modification time of '2025-09-29T00:04:09.9827828Z' while content on disk has modification time of '2025-09-29T00:04:20.7407125Z'
Number of updated asset objects reloaded before import = 0Number of asset objects unloaded after import = 0

========================================================================
Received Import Request.
  Time since last request: 0.000015 seconds.
  path: Assets/Scrips/Weapon.cs
  artifactKey: Guid(ccd1a2717ef00014eabd78543231714f) Importer(815301076,1909f56bfc062723c751e8b465ee728b)
Start importing Assets/Scrips/Weapon.cs using Guid(ccd1a2717ef00014eabd78543231714f) Importer(815301076,1909f56bfc062723c751e8b465ee728b) (PreviewImporter) -> (artifact id: '00000000000000000000000000000000') in 0.0007137 seconds
Import Error Code:(4)
Message: Build asset version error: assets/scrips/weapon.cs in SourceAssetDB has modification time of '2025-09-29T00:04:09.9827828Z' while content on disk has modification time of '2025-09-29T00:04:20.7407125Z'
  ERROR: Build asset version error: assets/scrips/weapon.cs in SourceAssetDB has modification time of '2025-09-29T00:04:09.9827828Z' while content on disk has modification time of '2025-09-29T00:04:20.7407125Z'
Number of updated asset objects reloaded before import = 0Number of asset objects unloaded after import = 0

========================================================================
Received Import Request.
  Time since last request: 0.000016 seconds.
  path: Assets/Scrips/Weapon.cs
  artifactKey: Guid(ccd1a2717ef00014eabd78543231714f) Importer(815301076,1909f56bfc062723c751e8b465ee728b)
Start importing Assets/Scrips/Weapon.cs using Guid(ccd1a2717ef00014eabd78543231714f) Importer(815301076,1909f56bfc062723c751e8b465ee728b) (PreviewImporter) -> (artifact id: '00000000000000000000000000000000') in 0.0006168 seconds
Import Error Code:(4)
Message: Build asset version error: assets/scrips/weapon.cs in SourceAssetDB has modification time of '2025-09-29T00:04:09.9827828Z' while content on disk has modification time of '2025-09-29T00:04:20.7407125Z'
  ERROR: Build asset version error: assets/scrips/weapon.cs in SourceAssetDB has modification time of '2025-09-29T00:04:09.9827828Z' while content on disk has modification time of '2025-09-29T00:04:20.7407125Z'
Number of updated asset objects reloaded before import = 0Number of asset objects unloaded after import = 0

========================================================================
Received Import Request.
  Time since last request: 0.000016 seconds.
  path: Assets/Scrips/Weapon.cs
  artifactKey: Guid(ccd1a2717ef00014eabd78543231714f) Importer(815301076,1909f56bfc062723c751e8b465ee728b)
Start importing Assets/Scrips/Weapon.cs using Guid(ccd1a2717ef00014eabd78543231714f) Importer(815301076,1909f56bfc062723c751e8b465ee728b) (PreviewImporter) -> (artifact id: '00000000000000000000000000000000') in 0.0006847 seconds
Import Error Code:(4)
Message: Build asset version error: assets/scrips/weapon.cs in SourceAssetDB has modification time of '2025-09-29T00:04:09.9827828Z' while content on disk has modification time of '2025-09-29T00:04:20.7407125Z'
  ERROR: Build asset version error: assets/scrips/weapon.cs in SourceAssetDB has modification time of '2025-09-29T00:04:09.9827828Z' while content on disk has modification time of '2025-09-29T00:04:20.7407125Z'
Number of updated asset objects reloaded before import = 0Number of asset objects unloaded after import = 0

========================================================================
Received Import Request.
  Time since last request: 0.000018 seconds.
  path: Assets/Scrips/Weapon.cs
  artifactKey: Guid(ccd1a2717ef00014eabd78543231714f) Importer(815301076,1909f56bfc062723c751e8b465ee728b)
Start importing Assets/Scrips/Weapon.cs using Guid(ccd1a2717ef00014eabd78543231714f) Importer(815301076,1909f56bfc062723c751e8b465ee728b) (PreviewImporter) -> (artifact id: '00000000000000000000000000000000') in 0.0010188 seconds
Import Error Code:(4)
Message: Build asset version error: assets/scrips/weapon.cs in SourceAssetDB has modification time of '2025-09-29T00:04:09.9827828Z' while content on disk has modification time of '2025-09-29T00:04:20.7407125Z'
  ERROR: Build asset version error: assets/scrips/weapon.cs in SourceAssetDB has modification time of '2025-09-29T00:04:09.9827828Z' while content on disk has modification time of '2025-09-29T00:04:20.7407125Z'
Number of updated asset objects reloaded before import = 0Number of asset objects unloaded after import = 0

========================================================================
Received Import Request.
  Time since last request: 0.000029 seconds.
  path: Assets/Scrips/Weapon.cs
  artifactKey: Guid(ccd1a2717ef00014eabd78543231714f) Importer(815301076,1909f56bfc062723c751e8b465ee728b)
Start importing Assets/Scrips/Weapon.cs using Guid(ccd1a2717ef00014eabd78543231714f) Importer(815301076,1909f56bfc062723c751e8b465ee728b) (PreviewImporter) -> (artifact id: '00000000000000000000000000000000') in 0.0005645 seconds
Import Error Code:(4)
Message: Build asset version error: assets/scrips/weapon.cs in SourceAssetDB has modification time of '2025-09-29T00:04:09.9827828Z' while content on disk has modification time of '2025-09-29T00:04:20.7407125Z'
  ERROR: Build asset version error: assets/scrips/weapon.cs in SourceAssetDB has modification time of '2025-09-29T00:04:09.9827828Z' while content on disk has modification time of '2025-09-29T00:04:20.7407125Z'
Number of updated asset objects reloaded before import = 0Number of asset objects unloaded after import = 0

========================================================================
Received Import Request.
  Time since last request: 0.000017 seconds.
  path: Assets/Scrips/Weapon.cs
  artifactKey: Guid(ccd1a2717ef00014eabd78543231714f) Importer(815301076,1909f56bfc062723c751e8b465ee728b)
Start importing Assets/Scrips/Weapon.cs using Guid(ccd1a2717ef00014eabd78543231714f) Importer(815301076,1909f56bfc062723c751e8b465ee728b) (PreviewImporter) -> (artifact id: '00000000000000000000000000000000') in 0.0006187 seconds
Import Error Code:(4)
Message: Build asset version error: assets/scrips/weapon.cs in SourceAssetDB has modification time of '2025-09-29T00:04:09.9827828Z' while content on disk has modification time of '2025-09-29T00:04:20.7407125Z'
  ERROR: Build asset version error: assets/scrips/weapon.cs in SourceAssetDB has modification time of '2025-09-29T00:04:09.9827828Z' while content on disk has modification time of '2025-09-29T00:04:20.7407125Z'
Number of updated asset objects reloaded before import = 0Number of asset objects unloaded after import = 0

========================================================================
Received Import Request.
  Time since last request: 0.000015 seconds.
  path: Assets/Scrips/Weapon.cs
  artifactKey: Guid(ccd1a2717ef00014eabd78543231714f) Importer(815301076,1909f56bfc062723c751e8b465ee728b)
Start importing Assets/Scrips/Weapon.cs using Guid(ccd1a2717ef00014eabd78543231714f) Importer(815301076,1909f56bfc062723c751e8b465ee728b) (PreviewImporter) -> (artifact id: '00000000000000000000000000000000') in 0.0007252 seconds
Import Error Code:(4)
Message: Build asset version error: assets/scrips/weapon.cs in SourceAssetDB has modification time of '2025-09-29T00:04:09.9827828Z' while content on disk has modification time of '2025-09-29T00:04:20.7407125Z'
  ERROR: Build asset version error: assets/scrips/weapon.cs in SourceAssetDB has modification time of '2025-09-29T00:04:09.9827828Z' while content on disk has modification time of '2025-09-29T00:04:20.7407125Z'
Number of updated asset objects reloaded before import = 0Number of asset objects unloaded after import = 0

========================================================================
Received Import Request.
  Time since last request: 0.000016 seconds.
  path: Assets/Scrips/Weapon.cs
  artifactKey: Guid(ccd1a2717ef00014eabd78543231714f) Importer(815301076,1909f56bfc062723c751e8b465ee728b)
Start importing Assets/Scrips/Weapon.cs using Guid(ccd1a2717ef00014eabd78543231714f) Importer(815301076,1909f56bfc062723c751e8b465ee728b) (PreviewImporter) -> (artifact id: '00000000000000000000000000000000') in 0.0006533 seconds
Import Error Code:(4)
Message: Build asset version error: assets/scrips/weapon.cs in SourceAssetDB has modification time of '2025-09-29T00:04:09.9827828Z' while content on disk has modification time of '2025-09-29T00:04:20.7407125Z'
  ERROR: Build asset version error: assets/scrips/weapon.cs in SourceAssetDB has modification time of '2025-09-29T00:04:09.9827828Z' while content on disk has modification time of '2025-09-29T00:04:20.7407125Z'
Number of updated asset objects reloaded before import = 0Number of asset objects unloaded after import = 0

========================================================================
Received Import Request.
  Time since last request: 0.000019 seconds.
  path: Assets/Scrips/Weapon.cs
  artifactKey: Guid(ccd1a2717ef00014eabd78543231714f) Importer(815301076,1909f56bfc062723c751e8b465ee728b)
Start importing Assets/Scrips/Weapon.cs using Guid(ccd1a2717ef00014eabd78543231714f) Importer(815301076,1909f56bfc062723c751e8b465ee728b) (PreviewImporter) -> (artifact id: '00000000000000000000000000000000') in 0.0005391 seconds
Import Error Code:(4)
Message: Build asset version error: assets/scrips/weapon.cs in SourceAssetDB has modification time of '2025-09-29T00:04:09.9827828Z' while content on disk has modification time of '2025-09-29T00:04:20.7407125Z'
  ERROR: Build asset version error: assets/scrips/weapon.cs in SourceAssetDB has modification time of '2025-09-29T00:04:09.9827828Z' while content on disk has modification time of '2025-09-29T00:04:20.7407125Z'
Number of updated asset objects reloaded before import = 0Number of asset objects unloaded after import = 0

========================================================================
Received Import Request.
  Time since last request: 0.000027 seconds.
  path: Assets/Scrips/Weapon.cs
  artifactKey: Guid(ccd1a2717ef00014eabd78543231714f) Importer(815301076,1909f56bfc062723c751e8b465ee728b)
Start importing Assets/Scrips/Weapon.cs using Guid(ccd1a2717ef00014eabd78543231714f) Importer(815301076,1909f56bfc062723c751e8b465ee728b) (PreviewImporter) -> (artifact id: '00000000000000000000000000000000') in 0.0006733 seconds
Import Error Code:(4)
Message: Build asset version error: assets/scrips/weapon.cs in SourceAssetDB has modification time of '2025-09-29T00:04:09.9827828Z' while content on disk has modification time of '2025-09-29T00:04:20.7407125Z'
  ERROR: Build asset version error: assets/scrips/weapon.cs in SourceAssetDB has modification time of '2025-09-29T00:04:09.9827828Z' while content on disk has modification time of '2025-09-29T00:04:20.7407125Z'
Number of updated asset objects reloaded before import = 0Number of asset objects unloaded after import = 0

========================================================================
Received Import Request.
  Time since last request: 0.000013 seconds.
  path: Assets/Scrips/Weapon.cs
  artifactKey: Guid(ccd1a2717ef00014eabd78543231714f) Importer(815301076,1909f56bfc062723c751e8b465ee728b)
Start importing Assets/Scrips/Weapon.cs using Guid(ccd1a2717ef00014eabd78543231714f) Importer(815301076,1909f56bfc062723c751e8b465ee728b) (PreviewImporter) -> (artifact id: '00000000000000000000000000000000') in 0.0007002 seconds
Import Error Code:(4)
Message: Build asset version error: assets/scrips/weapon.cs in SourceAssetDB has modification time of '2025-09-29T00:04:09.9827828Z' while content on disk has modification time of '2025-09-29T00:04:20.7407125Z'
  ERROR: Build asset version error: assets/scrips/weapon.cs in SourceAssetDB has modification time of '2025-09-29T00:04:09.9827828Z' while content on disk has modification time of '2025-09-29T00:04:20.7407125Z'
Number of updated asset objects reloaded before import = 0Number of asset objects unloaded after import = 0

========================================================================
Received Import Request.
  Time since last request: 0.000016 seconds.
  path: Assets/Scrips/Weapon.cs
  artifactKey: Guid(ccd1a2717ef00014eabd78543231714f) Importer(815301076,1909f56bfc062723c751e8b465ee728b)
Start importing Assets/Scrips/Weapon.cs using Guid(ccd1a2717ef00014eabd78543231714f) Importer(815301076,1909f56bfc062723c751e8b465ee728b) (PreviewImporter) -> (artifact id: '00000000000000000000000000000000') in 0.0007126 seconds
Import Error Code:(4)
Message: Build asset version error: assets/scrips/weapon.cs in SourceAssetDB has modification time of '2025-09-29T00:04:09.9827828Z' while content on disk has modification time of '2025-09-29T00:04:20.7407125Z'
  ERROR: Build asset version error: assets/scrips/weapon.cs in SourceAssetDB has modification time of '2025-09-29T00:04:09.9827828Z' while content on disk has modification time of '2025-09-29T00:04:20.7407125Z'
Number of updated asset objects reloaded before import = 0Number of asset objects unloaded after import = 0

========================================================================
Received Import Request.
  Time since last request: 0.000017 seconds.
  path: Assets/Scrips/Weapon.cs
  artifactKey: Guid(ccd1a2717ef00014eabd78543231714f) Importer(815301076,1909f56bfc062723c751e8b465ee728b)
Start importing Assets/Scrips/Weapon.cs using Guid(ccd1a2717ef00014eabd78543231714f) Importer(815301076,1909f56bfc062723c751e8b465ee728b) (PreviewImporter) -> (artifact id: '00000000000000000000000000000000') in 0.0007485 seconds
Import Error Code:(4)
Message: Build asset version error: assets/scrips/weapon.cs in SourceAssetDB has modification time of '2025-09-29T00:04:09.9827828Z' while content on disk has modification time of '2025-09-29T00:04:20.7407125Z'
  ERROR: Build asset version error: assets/scrips/weapon.cs in SourceAssetDB has modification time of '2025-09-29T00:04:09.9827828Z' while content on disk has modification time of '2025-09-29T00:04:20.7407125Z'
Number of updated asset objects reloaded before import = 0Number of asset objects unloaded after import = 0

========================================================================
Received Import Request.
  Time since last request: 0.000035 seconds.
  path: Assets/Scrips/Weapon.cs
  artifactKey: Guid(ccd1a2717ef00014eabd78543231714f) Importer(815301076,1909f56bfc062723c751e8b465ee728b)
Start importing Assets/Scrips/Weapon.cs using Guid(ccd1a2717ef00014eabd78543231714f) Importer(815301076,1909f56bfc062723c751e8b465ee728b) (PreviewImporter) -> (artifact id: '00000000000000000000000000000000') in 0.0008158 seconds
Import Error Code:(4)
Message: Build asset version error: assets/scrips/weapon.cs in SourceAssetDB has modification time of '2025-09-29T00:04:09.9827828Z' while content on disk has modification time of '2025-09-29T00:04:20.7407125Z'
  ERROR: Build asset version error: assets/scrips/weapon.cs in SourceAssetDB has modification time of '2025-09-29T00:04:09.9827828Z' while content on disk has modification time of '2025-09-29T00:04:20.7407125Z'
Number of updated asset objects reloaded before import = 0Number of asset objects unloaded after import = 0

========================================================================
Received Import Request.
  Time since last request: 0.000028 seconds.
  path: Assets/Scrips/Weapon.cs
  artifactKey: Guid(ccd1a2717ef00014eabd78543231714f) Importer(815301076,1909f56bfc062723c751e8b465ee728b)
Start importing Assets/Scrips/Weapon.cs using Guid(ccd1a2717ef00014eabd78543231714f) Importer(815301076,1909f56bfc062723c751e8b465ee728b) (PreviewImporter) -> (artifact id: '00000000000000000000000000000000') in 0.0005665 seconds
Import Error Code:(4)
Message: Build asset version error: assets/scrips/weapon.cs in SourceAssetDB has modification time of '2025-09-29T00:04:09.9827828Z' while content on disk has modification time of '2025-09-29T00:04:20.7407125Z'
  ERROR: Build asset version error: assets/scrips/weapon.cs in SourceAssetDB has modification time of '2025-09-29T00:04:09.9827828Z' while content on disk has modification time of '2025-09-29T00:04:20.7407125Z'
Number of updated asset objects reloaded before import = 0Number of asset objects unloaded after import = 0

========================================================================
Received Import Request.
  Time since last request: 0.000016 seconds.
  path: Assets/Scrips/Weapon.cs
  artifactKey: Guid(ccd1a2717ef00014eabd78543231714f) Importer(815301076,1909f56bfc062723c751e8b465ee728b)
Start importing Assets/Scrips/Weapon.cs using Guid(ccd1a2717ef00014eabd78543231714f) Importer(815301076,1909f56bfc062723c751e8b465ee728b) (PreviewImporter) -> (artifact id: '00000000000000000000000000000000') in 0.0006147 seconds
Import Error Code:(4)
Message: Build asset version error: assets/scrips/weapon.cs in SourceAssetDB has modification time of '2025-09-29T00:04:09.9827828Z' while content on disk has modification time of '2025-09-29T00:04:20.7407125Z'
  ERROR: Build asset version error: assets/scrips/weapon.cs in SourceAssetDB has modification time of '2025-09-29T00:04:09.9827828Z' while content on disk has modification time of '2025-09-29T00:04:20.7407125Z'
Number of updated asset objects reloaded before import = 0Number of asset objects unloaded after import = 0

========================================================================
Received Import Request.
  Time since last request: 0.000016 seconds.
  path: Assets/Scrips/Weapon.cs
  artifactKey: Guid(ccd1a2717ef00014eabd78543231714f) Importer(815301076,1909f56bfc062723c751e8b465ee728b)
Start importing Assets/Scrips/Weapon.cs using Guid(ccd1a2717ef00014eabd78543231714f) Importer(815301076,1909f56bfc062723c751e8b465ee728b) (PreviewImporter) -> (artifact id: '00000000000000000000000000000000') in 0.0008368 seconds
Import Error Code:(4)
Message: Build asset version error: assets/scrips/weapon.cs in SourceAssetDB has modification time of '2025-09-29T00:04:09.9827828Z' while content on disk has modification time of '2025-09-29T00:04:20.7407125Z'
  ERROR: Build asset version error: assets/scrips/weapon.cs in SourceAssetDB has modification time of '2025-09-29T00:04:09.9827828Z' while content on disk has modification time of '2025-09-29T00:04:20.7407125Z'
Number of updated asset objects reloaded before import = 0Number of asset objects unloaded after import = 0

========================================================================
Received Import Request.
  Time since last request: 0.000022 seconds.
  path: Assets/Scrips/Weapon.cs
  artifactKey: Guid(ccd1a2717ef00014eabd78543231714f) Importer(815301076,1909f56bfc062723c751e8b465ee728b)
Start importing Assets/Scrips/Weapon.cs using Guid(ccd1a2717ef00014eabd78543231714f) Importer(815301076,1909f56bfc062723c751e8b465ee728b) (PreviewImporter) -> (artifact id: '00000000000000000000000000000000') in 0.0005553 seconds
Import Error Code:(4)
Message: Build asset version error: assets/scrips/weapon.cs in SourceAssetDB has modification time of '2025-09-29T00:04:09.9827828Z' while content on disk has modification time of '2025-09-29T00:04:20.7407125Z'
  ERROR: Build asset version error: assets/scrips/weapon.cs in SourceAssetDB has modification time of '2025-09-29T00:04:09.9827828Z' while content on disk has modification time of '2025-09-29T00:04:20.7407125Z'
Number of updated asset objects reloaded before import = 0Number of asset objects unloaded after import = 0

========================================================================
Received Import Request.
  Time since last request: 0.000029 seconds.
  path: Assets/Scrips/Weapon.cs
  artifactKey: Guid(ccd1a2717ef00014eabd78543231714f) Importer(815301076,1909f56bfc062723c751e8b465ee728b)
Start importing Assets/Scrips/Weapon.cs using Guid(ccd1a2717ef00014eabd78543231714f) Importer(815301076,1909f56bfc062723c751e8b465ee728b) (PreviewImporter) -> (artifact id: '00000000000000000000000000000000') in 0.0006331 seconds
Import Error Code:(4)
Message: Build asset version error: assets/scrips/weapon.cs in SourceAssetDB has modification time of '2025-09-29T00:04:09.9827828Z' while content on disk has modification time of '2025-09-29T00:04:20.7407125Z'
  ERROR: Build asset version error: assets/scrips/weapon.cs in SourceAssetDB has modification time of '2025-09-29T00:04:09.9827828Z' while content on disk has modification time of '2025-09-29T00:04:20.7407125Z'
Number of updated asset objects reloaded before import = 0Number of asset objects unloaded after import = 0

========================================================================
Received Import Request.
  Time since last request: 0.000026 seconds.
  path: Assets/Scrips/Weapon.cs
  artifactKey: Guid(ccd1a2717ef00014eabd78543231714f) Importer(815301076,1909f56bfc062723c751e8b465ee728b)
Start importing Assets/Scrips/Weapon.cs using Guid(ccd1a2717ef00014eabd78543231714f) Importer(815301076,1909f56bfc062723c751e8b465ee728b) (PreviewImporter) -> (artifact id: '00000000000000000000000000000000') in 0.0008596 seconds
Import Error Code:(4)
Message: Build asset version error: assets/scrips/weapon.cs in SourceAssetDB has modification time of '2025-09-29T00:04:09.9827828Z' while content on disk has modification time of '2025-09-29T00:04:20.7407125Z'
  ERROR: Build asset version error: assets/scrips/weapon.cs in SourceAssetDB has modification time of '2025-09-29T00:04:09.9827828Z' while content on disk has modification time of '2025-09-29T00:04:20.7407125Z'
Number of updated asset objects reloaded before import = 0Number of asset objects unloaded after import = 0

========================================================================
Received Import Request.
  Time since last request: 0.000017 seconds.
  path: Assets/Scrips/Weapon.cs
  artifactKey: Guid(ccd1a2717ef00014eabd78543231714f) Importer(815301076,1909f56bfc062723c751e8b465ee728b)
Start importing Assets/Scrips/Weapon.cs using Guid(ccd1a2717ef00014eabd78543231714f) Importer(815301076,1909f56bfc062723c751e8b465ee728b) (PreviewImporter) -> (artifact id: '00000000000000000000000000000000') in 0.0006805 seconds
Import Error Code:(4)
Message: Build asset version error: assets/scrips/weapon.cs in SourceAssetDB has modification time of '2025-09-29T00:04:09.9827828Z' while content on disk has modification time of '2025-09-29T00:04:20.7407125Z'
  ERROR: Build asset version error: assets/scrips/weapon.cs in SourceAssetDB has modification time of '2025-09-29T00:04:09.9827828Z' while content on disk has modification time of '2025-09-29T00:04:20.7407125Z'
Number of updated asset objects reloaded before import = 0Number of asset objects unloaded after import = 0

========================================================================
Received Import Request.
  Time since last request: 0.000015 seconds.
  path: Assets/Scrips/Weapon.cs
  artifactKey: Guid(ccd1a2717ef00014eabd78543231714f) Importer(815301076,1909f56bfc062723c751e8b465ee728b)
Start importing Assets/Scrips/Weapon.cs using Guid(ccd1a2717ef00014eabd78543231714f) Importer(815301076,1909f56bfc062723c751e8b465ee728b) (PreviewImporter) -> (artifact id: '00000000000000000000000000000000') in 0.0004758 seconds
Import Error Code:(4)
Message: Build asset version error: assets/scrips/weapon.cs in SourceAssetDB has modification time of '2025-09-29T00:04:09.9827828Z' while content on disk has modification time of '2025-09-29T00:04:20.7407125Z'
  ERROR: Build asset version error: assets/scrips/weapon.cs in SourceAssetDB has modification time of '2025-09-29T00:04:09.9827828Z' while content on disk has modification time of '2025-09-29T00:04:20.7407125Z'
Number of updated asset objects reloaded before import = 0Number of asset objects unloaded after import = 0

========================================================================
Received Import Request.
  Time since last request: 0.000020 seconds.
  path: Assets/Scrips/Weapon.cs
  artifactKey: Guid(ccd1a2717ef00014eabd78543231714f) Importer(815301076,1909f56bfc062723c751e8b465ee728b)
Start importing Assets/Scrips/Weapon.cs using Guid(ccd1a2717ef00014eabd78543231714f) Importer(815301076,1909f56bfc062723c751e8b465ee728b) (PreviewImporter) -> (artifact id: '00000000000000000000000000000000') in 0.0006888 seconds
Import Error Code:(4)
Message: Build asset version error: assets/scrips/weapon.cs in SourceAssetDB has modification time of '2025-09-29T00:04:09.9827828Z' while content on disk has modification time of '2025-09-29T00:04:20.7407125Z'
  ERROR: Build asset version error: assets/scrips/weapon.cs in SourceAssetDB has modification time of '2025-09-29T00:04:09.9827828Z' while content on disk has modification time of '2025-09-29T00:04:20.7407125Z'
Number of updated asset objects reloaded before import = 0Number of asset objects unloaded after import = 0

========================================================================
Received Import Request.
  Time since last request: 0.000026 seconds.
  path: Assets/Scrips/Weapon.cs
  artifactKey: Guid(ccd1a2717ef00014eabd78543231714f) Importer(815301076,1909f56bfc062723c751e8b465ee728b)
Start importing Assets/Scrips/Weapon.cs using Guid(ccd1a2717ef00014eabd78543231714f) Importer(815301076,1909f56bfc062723c751e8b465ee728b) (PreviewImporter) -> (artifact id: '00000000000000000000000000000000') in 0.0006964 seconds
Import Error Code:(4)
Message: Build asset version error: assets/scrips/weapon.cs in SourceAssetDB has modification time of '2025-09-29T00:04:09.9827828Z' while content on disk has modification time of '2025-09-29T00:04:20.7407125Z'
  ERROR: Build asset version error: assets/scrips/weapon.cs in SourceAssetDB has modification time of '2025-09-29T00:04:09.9827828Z' while content on disk has modification time of '2025-09-29T00:04:20.7407125Z'
Number of updated asset objects reloaded before import = 0Number of asset objects unloaded after import = 0

========================================================================
Received Import Request.
  Time since last request: 0.000017 seconds.
  path: Assets/Scrips/Weapon.cs
  artifactKey: Guid(ccd1a2717ef00014eabd78543231714f) Importer(815301076,1909f56bfc062723c751e8b465ee728b)
Start importing Assets/Scrips/Weapon.cs using Guid(ccd1a2717ef00014eabd78543231714f) Importer(815301076,1909f56bfc062723c751e8b465ee728b) (PreviewImporter) -> (artifact id: '00000000000000000000000000000000') in 0.000541 seconds
Import Error Code:(4)
Message: Build asset version error: assets/scrips/weapon.cs in SourceAssetDB has modification time of '2025-09-29T00:04:09.9827828Z' while content on disk has modification time of '2025-09-29T00:04:20.7407125Z'
  ERROR: Build asset version error: assets/scrips/weapon.cs in SourceAssetDB has modification time of '2025-09-29T00:04:09.9827828Z' while content on disk has modification time of '2025-09-29T00:04:20.7407125Z'
Number of updated asset objects reloaded before import = 0Number of asset objects unloaded after import = 0

========================================================================
Received Import Request.
  Time since last request: 0.000016 seconds.
  path: Assets/Scrips/Weapon.cs
  artifactKey: Guid(ccd1a2717ef00014eabd78543231714f) Importer(815301076,1909f56bfc062723c751e8b465ee728b)
Start importing Assets/Scrips/Weapon.cs using Guid(ccd1a2717ef00014eabd78543231714f) Importer(815301076,1909f56bfc062723c751e8b465ee728b) (PreviewImporter) -> (artifact id: '00000000000000000000000000000000') in 0.0007239 seconds
Import Error Code:(4)
Message: Build asset version error: assets/scrips/weapon.cs in SourceAssetDB has modification time of '2025-09-29T00:04:09.9827828Z' while content on disk has modification time of '2025-09-29T00:04:20.7407125Z'
  ERROR: Build asset version error: assets/scrips/weapon.cs in SourceAssetDB has modification time of '2025-09-29T00:04:09.9827828Z' while content on disk has modification time of '2025-09-29T00:04:20.7407125Z'
Number of updated asset objects reloaded before import = 0Number of asset objects unloaded after import = 0

========================================================================
Received Import Request.
  Time since last request: 0.000015 seconds.
  path: Assets/Scrips/Weapon.cs
  artifactKey: Guid(ccd1a2717ef00014eabd78543231714f) Importer(815301076,1909f56bfc062723c751e8b465ee728b)
Start importing Assets/Scrips/Weapon.cs using Guid(ccd1a2717ef00014eabd78543231714f) Importer(815301076,1909f56bfc062723c751e8b465ee728b) (PreviewImporter) -> (artifact id: '00000000000000000000000000000000') in 0.0006444 seconds
Import Error Code:(4)
Message: Build asset version error: assets/scrips/weapon.cs in SourceAssetDB has modification time of '2025-09-29T00:04:09.9827828Z' while content on disk has modification time of '2025-09-29T00:04:20.7407125Z'
  ERROR: Build asset version error: assets/scrips/weapon.cs in SourceAssetDB has modification time of '2025-09-29T00:04:09.9827828Z' while content on disk has modification time of '2025-09-29T00:04:20.7407125Z'
Number of updated asset objects reloaded before import = 0Number of asset objects unloaded after import = 0

========================================================================
Received Import Request.
  Time since last request: 0.000022 seconds.
  path: Assets/Scrips/Weapon.cs
  artifactKey: Guid(ccd1a2717ef00014eabd78543231714f) Importer(815301076,1909f56bfc062723c751e8b465ee728b)
Start importing Assets/Scrips/Weapon.cs using Guid(ccd1a2717ef00014eabd78543231714f) Importer(815301076,1909f56bfc062723c751e8b465ee728b) (PreviewImporter) -> (artifact id: '00000000000000000000000000000000') in 0.000561 seconds
Import Error Code:(4)
Message: Build asset version error: assets/scrips/weapon.cs in SourceAssetDB has modification time of '2025-09-29T00:04:09.9827828Z' while content on disk has modification time of '2025-09-29T00:04:20.7407125Z'
  ERROR: Build asset version error: assets/scrips/weapon.cs in SourceAssetDB has modification time of '2025-09-29T00:04:09.9827828Z' while content on disk has modification time of '2025-09-29T00:04:20.7407125Z'
Number of updated asset objects reloaded before import = 0Number of asset objects unloaded after import = 0

========================================================================
Received Import Request.
  Time since last request: 0.000027 seconds.
  path: Assets/Scrips/Weapon.cs
  artifactKey: Guid(ccd1a2717ef00014eabd78543231714f) Importer(815301076,1909f56bfc062723c751e8b465ee728b)
Start importing Assets/Scrips/Weapon.cs using Guid(ccd1a2717ef00014eabd78543231714f) Importer(815301076,1909f56bfc062723c751e8b465ee728b) (PreviewImporter) -> (artifact id: '00000000000000000000000000000000') in 0.0006877 seconds
Import Error Code:(4)
Message: Build asset version error: assets/scrips/weapon.cs in SourceAssetDB has modification time of '2025-09-29T00:04:09.9827828Z' while content on disk has modification time of '2025-09-29T00:04:20.7407125Z'
  ERROR: Build asset version error: assets/scrips/weapon.cs in SourceAssetDB has modification time of '2025-09-29T00:04:09.9827828Z' while content on disk has modification time of '2025-09-29T00:04:20.7407125Z'
Number of updated asset objects reloaded before import = 0Number of asset objects unloaded after import = 0

========================================================================
Received Import Request.
  Time since last request: 0.000016 seconds.
  path: Assets/Scrips/Weapon.cs
  artifactKey: Guid(ccd1a2717ef00014eabd78543231714f) Importer(815301076,1909f56bfc062723c751e8b465ee728b)
Start importing Assets/Scrips/Weapon.cs using Guid(ccd1a2717ef00014eabd78543231714f) Importer(815301076,1909f56bfc062723c751e8b465ee728b) (PreviewImporter) -> (artifact id: '00000000000000000000000000000000') in 0.0006437 seconds
Import Error Code:(4)
Message: Build asset version error: assets/scrips/weapon.cs in SourceAssetDB has modification time of '2025-09-29T00:04:09.9827828Z' while content on disk has modification time of '2025-09-29T00:04:20.7407125Z'
  ERROR: Build asset version error: assets/scrips/weapon.cs in SourceAssetDB has modification time of '2025-09-29T00:04:09.9827828Z' while content on disk has modification time of '2025-09-29T00:04:20.7407125Z'
Number of updated asset objects reloaded before import = 0Number of asset objects unloaded after import = 0

========================================================================
Received Import Request.
  Time since last request: 0.000016 seconds.
  path: Assets/Scrips/Weapon.cs
  artifactKey: Guid(ccd1a2717ef00014eabd78543231714f) Importer(815301076,1909f56bfc062723c751e8b465ee728b)
Start importing Assets/Scrips/Weapon.cs using Guid(ccd1a2717ef00014eabd78543231714f) Importer(815301076,1909f56bfc062723c751e8b465ee728b) (PreviewImporter) -> (artifact id: '00000000000000000000000000000000') in 0.000674 seconds
Import Error Code:(4)
Message: Build asset version error: assets/scrips/weapon.cs in SourceAssetDB has modification time of '2025-09-29T00:04:09.9827828Z' while content on disk has modification time of '2025-09-29T00:04:20.7407125Z'
  ERROR: Build asset version error: assets/scrips/weapon.cs in SourceAssetDB has modification time of '2025-09-29T00:04:09.9827828Z' while content on disk has modification time of '2025-09-29T00:04:20.7407125Z'
Number of updated asset objects reloaded before import = 0Number of asset objects unloaded after import = 0

========================================================================
Received Import Request.
  Time since last request: 0.000016 seconds.
  path: Assets/Scrips/Weapon.cs
  artifactKey: Guid(ccd1a2717ef00014eabd78543231714f) Importer(815301076,1909f56bfc062723c751e8b465ee728b)
Start importing Assets/Scrips/Weapon.cs using Guid(ccd1a2717ef00014eabd78543231714f) Importer(815301076,1909f56bfc062723c751e8b465ee728b) (PreviewImporter) -> (artifact id: '00000000000000000000000000000000') in 0.0006883 seconds
Import Error Code:(4)
Message: Build asset version error: assets/scrips/weapon.cs in SourceAssetDB has modification time of '2025-09-29T00:04:09.9827828Z' while content on disk has modification time of '2025-09-29T00:04:20.7407125Z'
  ERROR: Build asset version error: assets/scrips/weapon.cs in SourceAssetDB has modification time of '2025-09-29T00:04:09.9827828Z' while content on disk has modification time of '2025-09-29T00:04:20.7407125Z'
Number of updated asset objects reloaded before import = 0Number of asset objects unloaded after import = 0

========================================================================
Received Import Request.
  Time since last request: 0.000018 seconds.
  path: Assets/Scrips/Weapon.cs
  artifactKey: Guid(ccd1a2717ef00014eabd78543231714f) Importer(815301076,1909f56bfc062723c751e8b465ee728b)
Start importing Assets/Scrips/Weapon.cs using Guid(ccd1a2717ef00014eabd78543231714f) Importer(815301076,1909f56bfc062723c751e8b465ee728b) (PreviewImporter) -> (artifact id: '00000000000000000000000000000000') in 0.0005681 seconds
Import Error Code:(4)
Message: Build asset version error: assets/scrips/weapon.cs in SourceAssetDB has modification time of '2025-09-29T00:04:09.9827828Z' while content on disk has modification time of '2025-09-29T00:04:20.7407125Z'
  ERROR: Build asset version error: assets/scrips/weapon.cs in SourceAssetDB has modification time of '2025-09-29T00:04:09.9827828Z' while content on disk has modification time of '2025-09-29T00:04:20.7407125Z'
Number of updated asset objects reloaded before import = 0Number of asset objects unloaded after import = 0

========================================================================
Received Import Request.
  Time since last request: 0.000035 seconds.
  path: Assets/Scrips/Weapon.cs
  artifactKey: Guid(ccd1a2717ef00014eabd78543231714f) Importer(815301076,1909f56bfc062723c751e8b465ee728b)
Start importing Assets/Scrips/Weapon.cs using Guid(ccd1a2717ef00014eabd78543231714f) Importer(815301076,1909f56bfc062723c751e8b465ee728b) (PreviewImporter) -> (artifact id: '00000000000000000000000000000000') in 0.0006085 seconds
Import Error Code:(4)
Message: Build asset version error: assets/scrips/weapon.cs in SourceAssetDB has modification time of '2025-09-29T00:04:09.9827828Z' while content on disk has modification time of '2025-09-29T00:04:20.7407125Z'
  ERROR: Build asset version error: assets/scrips/weapon.cs in SourceAssetDB has modification time of '2025-09-29T00:04:09.9827828Z' while content on disk has modification time of '2025-09-29T00:04:20.7407125Z'
Number of updated asset objects reloaded before import = 0Number of asset objects unloaded after import = 0

========================================================================
Received Import Request.
  Time since last request: 0.000017 seconds.
  path: Assets/Scrips/Weapon.cs
  artifactKey: Guid(ccd1a2717ef00014eabd78543231714f) Importer(815301076,1909f56bfc062723c751e8b465ee728b)
Start importing Assets/Scrips/Weapon.cs using Guid(ccd1a2717ef00014eabd78543231714f) Importer(815301076,1909f56bfc062723c751e8b465ee728b) (PreviewImporter) -> (artifact id: '00000000000000000000000000000000') in 0.0006111 seconds
Import Error Code:(4)
Message: Build asset version error: assets/scrips/weapon.cs in SourceAssetDB has modification time of '2025-09-29T00:04:09.9827828Z' while content on disk has modification time of '2025-09-29T00:04:20.7407125Z'
  ERROR: Build asset version error: assets/scrips/weapon.cs in SourceAssetDB has modification time of '2025-09-29T00:04:09.9827828Z' while content on disk has modification time of '2025-09-29T00:04:20.7407125Z'
Number of updated asset objects reloaded before import = 0Number of asset objects unloaded after import = 0

========================================================================
Received Import Request.
  Time since last request: 0.000015 seconds.
  path: Assets/Scrips/Weapon.cs
  artifactKey: Guid(ccd1a2717ef00014eabd78543231714f) Importer(815301076,1909f56bfc062723c751e8b465ee728b)
Start importing Assets/Scrips/Weapon.cs using Guid(ccd1a2717ef00014eabd78543231714f) Importer(815301076,1909f56bfc062723c751e8b465ee728b) (PreviewImporter) -> (artifact id: '00000000000000000000000000000000') in 0.0006523 seconds
Import Error Code:(4)
Message: Build asset version error: assets/scrips/weapon.cs in SourceAssetDB has modification time of '2025-09-29T00:04:09.9827828Z' while content on disk has modification time of '2025-09-29T00:04:20.7407125Z'
  ERROR: Build asset version error: assets/scrips/weapon.cs in SourceAssetDB has modification time of '2025-09-29T00:04:09.9827828Z' while content on disk has modification time of '2025-09-29T00:04:20.7407125Z'
Number of updated asset objects reloaded before import = 0Number of asset objects unloaded after import = 0

========================================================================
Received Import Request.
  Time since last request: 0.000015 seconds.
  path: Assets/Scrips/Weapon.cs
  artifactKey: Guid(ccd1a2717ef00014eabd78543231714f) Importer(815301076,1909f56bfc062723c751e8b465ee728b)
Start importing Assets/Scrips/Weapon.cs using Guid(ccd1a2717ef00014eabd78543231714f) Importer(815301076,1909f56bfc062723c751e8b465ee728b) (PreviewImporter) -> (artifact id: '00000000000000000000000000000000') in 0.0004578 seconds
Import Error Code:(4)
Message: Build asset version error: assets/scrips/weapon.cs in SourceAssetDB has modification time of '2025-09-29T00:04:09.9827828Z' while content on disk has modification time of '2025-09-29T00:04:20.7407125Z'
  ERROR: Build asset version error: assets/scrips/weapon.cs in SourceAssetDB has modification time of '2025-09-29T00:04:09.9827828Z' while content on disk has modification time of '2025-09-29T00:04:20.7407125Z'
Number of updated asset objects reloaded before import = 0Number of asset objects unloaded after import = 0

========================================================================
Received Import Request.
  Time since last request: 0.000018 seconds.
  path: Assets/Scrips/Weapon.cs
  artifactKey: Guid(ccd1a2717ef00014eabd78543231714f) Importer(815301076,1909f56bfc062723c751e8b465ee728b)
Start importing Assets/Scrips/Weapon.cs using Guid(ccd1a2717ef00014eabd78543231714f) Importer(815301076,1909f56bfc062723c751e8b465ee728b) (PreviewImporter) -> (artifact id: '00000000000000000000000000000000') in 0.0005661 seconds
Import Error Code:(4)
Message: Build asset version error: assets/scrips/weapon.cs in SourceAssetDB has modification time of '2025-09-29T00:04:09.9827828Z' while content on disk has modification time of '2025-09-29T00:04:20.7407125Z'
  ERROR: Build asset version error: assets/scrips/weapon.cs in SourceAssetDB has modification time of '2025-09-29T00:04:09.9827828Z' while content on disk has modification time of '2025-09-29T00:04:20.7407125Z'
Number of updated asset objects reloaded before import = 0Number of asset objects unloaded after import = 0

========================================================================
Received Import Request.
  Time since last request: 0.000028 seconds.
  path: Assets/Scrips/Weapon.cs
  artifactKey: Guid(ccd1a2717ef00014eabd78543231714f) Importer(815301076,1909f56bfc062723c751e8b465ee728b)
Start importing Assets/Scrips/Weapon.cs using Guid(ccd1a2717ef00014eabd78543231714f) Importer(815301076,1909f56bfc062723c751e8b465ee728b) (PreviewImporter) -> (artifact id: '00000000000000000000000000000000') in 0.0007037 seconds
Import Error Code:(4)
Message: Build asset version error: assets/scrips/weapon.cs in SourceAssetDB has modification time of '2025-09-29T00:04:09.9827828Z' while content on disk has modification time of '2025-09-29T00:04:20.7407125Z'
  ERROR: Build asset version error: assets/scrips/weapon.cs in SourceAssetDB has modification time of '2025-09-29T00:04:09.9827828Z' while content on disk has modification time of '2025-09-29T00:04:20.7407125Z'
Number of updated asset objects reloaded before import = 0Number of asset objects unloaded after import = 0

========================================================================
Received Import Request.
  Time since last request: 0.000013 seconds.
  path: Assets/Scrips/Weapon.cs
  artifactKey: Guid(ccd1a2717ef00014eabd78543231714f) Importer(815301076,1909f56bfc062723c751e8b465ee728b)
Start importing Assets/Scrips/Weapon.cs using Guid(ccd1a2717ef00014eabd78543231714f) Importer(815301076,1909f56bfc062723c751e8b465ee728b) (PreviewImporter) -> (artifact id: '00000000000000000000000000000000') in 0.0007076 seconds
Import Error Code:(4)
Message: Build asset version error: assets/scrips/weapon.cs in SourceAssetDB has modification time of '2025-09-29T00:04:09.9827828Z' while content on disk has modification time of '2025-09-29T00:04:20.7407125Z'
  ERROR: Build asset version error: assets/scrips/weapon.cs in SourceAssetDB has modification time of '2025-09-29T00:04:09.9827828Z' while content on disk has modification time of '2025-09-29T00:04:20.7407125Z'
Number of updated asset objects reloaded before import = 0Number of asset objects unloaded after import = 0

========================================================================
Received Import Request.
  Time since last request: 0.000016 seconds.
  path: Assets/Scrips/Weapon.cs
  artifactKey: Guid(ccd1a2717ef00014eabd78543231714f) Importer(815301076,1909f56bfc062723c751e8b465ee728b)
Start importing Assets/Scrips/Weapon.cs using Guid(ccd1a2717ef00014eabd78543231714f) Importer(815301076,1909f56bfc062723c751e8b465ee728b) (PreviewImporter) -> (artifact id: '00000000000000000000000000000000') in 0.0005712 seconds
Import Error Code:(4)
Message: Build asset version error: assets/scrips/weapon.cs in SourceAssetDB has modification time of '2025-09-29T00:04:09.9827828Z' while content on disk has modification time of '2025-09-29T00:04:20.7407125Z'
  ERROR: Build asset version error: assets/scrips/weapon.cs in SourceAssetDB has modification time of '2025-09-29T00:04:09.9827828Z' while content on disk has modification time of '2025-09-29T00:04:20.7407125Z'
Number of updated asset objects reloaded before import = 0Number of asset objects unloaded after import = 0

========================================================================
Received Import Request.
  Time since last request: 0.000016 seconds.
  path: Assets/Scrips/Weapon.cs
  artifactKey: Guid(ccd1a2717ef00014eabd78543231714f) Importer(815301076,1909f56bfc062723c751e8b465ee728b)
Start importing Assets/Scrips/Weapon.cs using Guid(ccd1a2717ef00014eabd78543231714f) Importer(815301076,1909f56bfc062723c751e8b465ee728b) (PreviewImporter) -> (artifact id: '00000000000000000000000000000000') in 0.0006514 seconds
Import Error Code:(4)
Message: Build asset version error: assets/scrips/weapon.cs in SourceAssetDB has modification time of '2025-09-29T00:04:09.9827828Z' while content on disk has modification time of '2025-09-29T00:04:20.7407125Z'
  ERROR: Build asset version error: assets/scrips/weapon.cs in SourceAssetDB has modification time of '2025-09-29T00:04:09.9827828Z' while content on disk has modification time of '2025-09-29T00:04:20.7407125Z'
Number of updated asset objects reloaded before import = 0Number of asset objects unloaded after import = 0

========================================================================
Received Import Request.
  Time since last request: 0.000021 seconds.
  path: Assets/Scrips/Weapon.cs
  artifactKey: Guid(ccd1a2717ef00014eabd78543231714f) Importer(815301076,1909f56bfc062723c751e8b465ee728b)
Start importing Assets/Scrips/Weapon.cs using Guid(ccd1a2717ef00014eabd78543231714f) Importer(815301076,1909f56bfc062723c751e8b465ee728b) (PreviewImporter) -> (artifact id: '00000000000000000000000000000000') in 0.0005562 seconds
Import Error Code:(4)
Message: Build asset version error: assets/scrips/weapon.cs in SourceAssetDB has modification time of '2025-09-29T00:04:09.9827828Z' while content on disk has modification time of '2025-09-29T00:04:20.7407125Z'
  ERROR: Build asset version error: assets/scrips/weapon.cs in SourceAssetDB has modification time of '2025-09-29T00:04:09.9827828Z' while content on disk has modification time of '2025-09-29T00:04:20.7407125Z'
Number of updated asset objects reloaded before import = 0Number of asset objects unloaded after import = 0

========================================================================
Received Import Request.
  Time since last request: 0.000024 seconds.
  path: Assets/Scrips/Weapon.cs
  artifactKey: Guid(ccd1a2717ef00014eabd78543231714f) Importer(815301076,1909f56bfc062723c751e8b465ee728b)
Start importing Assets/Scrips/Weapon.cs using Guid(ccd1a2717ef00014eabd78543231714f) Importer(815301076,1909f56bfc062723c751e8b465ee728b) (PreviewImporter) -> (artifact id: '00000000000000000000000000000000') in 0.0005531 seconds
Import Error Code:(4)
Message: Build asset version error: assets/scrips/weapon.cs in SourceAssetDB has modification time of '2025-09-29T00:04:09.9827828Z' while content on disk has modification time of '2025-09-29T00:04:20.7407125Z'
  ERROR: Build asset version error: assets/scrips/weapon.cs in SourceAssetDB has modification time of '2025-09-29T00:04:09.9827828Z' while content on disk has modification time of '2025-09-29T00:04:20.7407125Z'
Number of updated asset objects reloaded before import = 0Number of asset objects unloaded after import = 0

========================================================================
Received Import Request.
  Time since last request: 0.004580 seconds.
  path: Assets/Scrips/Weapon.cs
  artifactKey: Guid(ccd1a2717ef00014eabd78543231714f) Importer(815301076,1909f56bfc062723c751e8b465ee728b)
Start importing Assets/Scrips/Weapon.cs using Guid(ccd1a2717ef00014eabd78543231714f) Importer(815301076,1909f56bfc062723c751e8b465ee728b) (PreviewImporter) -> (artifact id: '00000000000000000000000000000000') in 0.0007532 seconds
Import Error Code:(4)
Message: Build asset version error: assets/scrips/weapon.cs in SourceAssetDB has modification time of '2025-09-29T00:04:09.9827828Z' while content on disk has modification time of '2025-09-29T00:04:20.7407125Z'
  ERROR: Build asset version error: assets/scrips/weapon.cs in SourceAssetDB has modification time of '2025-09-29T00:04:09.9827828Z' while content on disk has modification time of '2025-09-29T00:04:20.7407125Z'
Number of updated asset objects reloaded before import = 0Number of asset objects unloaded after import = 0

========================================================================
Received Import Request.
  Time since last request: 0.000016 seconds.
  path: Assets/Scrips/Weapon.cs
  artifactKey: Guid(ccd1a2717ef00014eabd78543231714f) Importer(815301076,1909f56bfc062723c751e8b465ee728b)
Start importing Assets/Scrips/Weapon.cs using Guid(ccd1a2717ef00014eabd78543231714f) Importer(815301076,1909f56bfc062723c751e8b465ee728b) (PreviewImporter) -> (artifact id: '00000000000000000000000000000000') in 0.0010097 seconds
Import Error Code:(4)
Message: Build asset version error: assets/scrips/weapon.cs in SourceAssetDB has modification time of '2025-09-29T00:04:09.9827828Z' while content on disk has modification time of '2025-09-29T00:04:20.7407125Z'
  ERROR: Build asset version error: assets/scrips/weapon.cs in SourceAssetDB has modification time of '2025-09-29T00:04:09.9827828Z' while content on disk has modification time of '2025-09-29T00:04:20.7407125Z'
Number of updated asset objects reloaded before import = 0Number of asset objects unloaded after import = 0

========================================================================
Received Import Request.
  Time since last request: 0.000017 seconds.
  path: Assets/Scrips/Weapon.cs
  artifactKey: Guid(ccd1a2717ef00014eabd78543231714f) Importer(815301076,1909f56bfc062723c751e8b465ee728b)
Start importing Assets/Scrips/Weapon.cs using Guid(ccd1a2717ef00014eabd78543231714f) Importer(815301076,1909f56bfc062723c751e8b465ee728b) (PreviewImporter) -> (artifact id: '00000000000000000000000000000000') in 0.0008003 seconds
Import Error Code:(4)
Message: Build asset version error: assets/scrips/weapon.cs in SourceAssetDB has modification time of '2025-09-29T00:04:09.9827828Z' while content on disk has modification time of '2025-09-29T00:04:20.7407125Z'
  ERROR: Build asset version error: assets/scrips/weapon.cs in SourceAssetDB has modification time of '2025-09-29T00:04:09.9827828Z' while content on disk has modification time of '2025-09-29T00:04:20.7407125Z'
Number of updated asset objects reloaded before import = 0Number of asset objects unloaded after import = 0

========================================================================
Received Import Request.
  Time since last request: 0.000019 seconds.
  path: Assets/Scrips/Weapon.cs
  artifactKey: Guid(ccd1a2717ef00014eabd78543231714f) Importer(815301076,1909f56bfc062723c751e8b465ee728b)
Start importing Assets/Scrips/Weapon.cs using Guid(ccd1a2717ef00014eabd78543231714f) Importer(815301076,1909f56bfc062723c751e8b465ee728b) (PreviewImporter) -> (artifact id: '00000000000000000000000000000000') in 0.0007397 seconds
Import Error Code:(4)
Message: Build asset version error: assets/scrips/weapon.cs in SourceAssetDB has modification time of '2025-09-29T00:04:09.9827828Z' while content on disk has modification time of '2025-09-29T00:04:20.7407125Z'
  ERROR: Build asset version error: assets/scrips/weapon.cs in SourceAssetDB has modification time of '2025-09-29T00:04:09.9827828Z' while content on disk has modification time of '2025-09-29T00:04:20.7407125Z'
Number of updated asset objects reloaded before import = 0Number of asset objects unloaded after import = 0

========================================================================
Received Import Request.
  Time since last request: 0.000029 seconds.
  path: Assets/Scrips/Weapon.cs
  artifactKey: Guid(ccd1a2717ef00014eabd78543231714f) Importer(815301076,1909f56bfc062723c751e8b465ee728b)
Start importing Assets/Scrips/Weapon.cs using Guid(ccd1a2717ef00014eabd78543231714f) Importer(815301076,1909f56bfc062723c751e8b465ee728b) (PreviewImporter) -> (artifact id: '00000000000000000000000000000000') in 0.0008702 seconds
Import Error Code:(4)
Message: Build asset version error: assets/scrips/weapon.cs in SourceAssetDB has modification time of '2025-09-29T00:04:09.9827828Z' while content on disk has modification time of '2025-09-29T00:04:20.7407125Z'
  ERROR: Build asset version error: assets/scrips/weapon.cs in SourceAssetDB has modification time of '2025-09-29T00:04:09.9827828Z' while content on disk has modification time of '2025-09-29T00:04:20.7407125Z'
Number of updated asset objects reloaded before import = 0Number of asset objects unloaded after import = 0

========================================================================
Received Import Request.
  Time since last request: 0.000019 seconds.
  path: Assets/Scrips/Weapon.cs
  artifactKey: Guid(ccd1a2717ef00014eabd78543231714f) Importer(815301076,1909f56bfc062723c751e8b465ee728b)
Start importing Assets/Scrips/Weapon.cs using Guid(ccd1a2717ef00014eabd78543231714f) Importer(815301076,1909f56bfc062723c751e8b465ee728b) (PreviewImporter) -> (artifact id: '00000000000000000000000000000000') in 0.0007005 seconds
Import Error Code:(4)
Message: Build asset version error: assets/scrips/weapon.cs in SourceAssetDB has modification time of '2025-09-29T00:04:09.9827828Z' while content on disk has modification time of '2025-09-29T00:04:20.7407125Z'
  ERROR: Build asset version error: assets/scrips/weapon.cs in SourceAssetDB has modification time of '2025-09-29T00:04:09.9827828Z' while content on disk has modification time of '2025-09-29T00:04:20.7407125Z'
Number of updated asset objects reloaded before import = 0Number of asset objects unloaded after import = 0

========================================================================
Received Import Request.
  Time since last request: 0.000016 seconds.
  path: Assets/Scrips/Weapon.cs
  artifactKey: Guid(ccd1a2717ef00014eabd78543231714f) Importer(815301076,1909f56bfc062723c751e8b465ee728b)
Start importing Assets/Scrips/Weapon.cs using Guid(ccd1a2717ef00014eabd78543231714f) Importer(815301076,1909f56bfc062723c751e8b465ee728b) (PreviewImporter) -> (artifact id: '00000000000000000000000000000000') in 0.000653 seconds
Import Error Code:(4)
Message: Build asset version error: assets/scrips/weapon.cs in SourceAssetDB has modification time of '2025-09-29T00:04:09.9827828Z' while content on disk has modification time of '2025-09-29T00:04:20.7407125Z'
  ERROR: Build asset version error: assets/scrips/weapon.cs in SourceAssetDB has modification time of '2025-09-29T00:04:09.9827828Z' while content on disk has modification time of '2025-09-29T00:04:20.7407125Z'
Number of updated asset objects reloaded before import = 0Number of asset objects unloaded after import = 0

========================================================================
Received Import Request.
  Time since last request: 0.000018 seconds.
  path: Assets/Scrips/Weapon.cs
  artifactKey: Guid(ccd1a2717ef00014eabd78543231714f) Importer(815301076,1909f56bfc062723c751e8b465ee728b)
Start importing Assets/Scrips/Weapon.cs using Guid(ccd1a2717ef00014eabd78543231714f) Importer(815301076,1909f56bfc062723c751e8b465ee728b) (PreviewImporter) -> (artifact id: '00000000000000000000000000000000') in 0.0009318 seconds
Import Error Code:(4)
Message: Build asset version error: assets/scrips/weapon.cs in SourceAssetDB has modification time of '2025-09-29T00:04:09.9827828Z' while content on disk has modification time of '2025-09-29T00:04:20.7407125Z'
  ERROR: Build asset version error: assets/scrips/weapon.cs in SourceAssetDB has modification time of '2025-09-29T00:04:09.9827828Z' while content on disk has modification time of '2025-09-29T00:04:20.7407125Z'
Number of updated asset objects reloaded before import = 0Number of asset objects unloaded after import = 0

========================================================================
Received Import Request.
  Time since last request: 0.000027 seconds.
  path: Assets/Scrips/Weapon.cs
  artifactKey: Guid(ccd1a2717ef00014eabd78543231714f) Importer(815301076,1909f56bfc062723c751e8b465ee728b)
Start importing Assets/Scrips/Weapon.cs using Guid(ccd1a2717ef00014eabd78543231714f) Importer(815301076,1909f56bfc062723c751e8b465ee728b) (PreviewImporter) -> (artifact id: '00000000000000000000000000000000') in 0.0005508 seconds
Import Error Code:(4)
Message: Build asset version error: assets/scrips/weapon.cs in SourceAssetDB has modification time of '2025-09-29T00:04:09.9827828Z' while content on disk has modification time of '2025-09-29T00:04:20.7407125Z'
  ERROR: Build asset version error: assets/scrips/weapon.cs in SourceAssetDB has modification time of '2025-09-29T00:04:09.9827828Z' while content on disk has modification time of '2025-09-29T00:04:20.7407125Z'
Number of updated asset objects reloaded before import = 0Number of asset objects unloaded after import = 0

========================================================================
Received Import Request.
  Time since last request: 0.000018 seconds.
  path: Assets/Scrips/Weapon.cs
  artifactKey: Guid(ccd1a2717ef00014eabd78543231714f) Importer(815301076,1909f56bfc062723c751e8b465ee728b)
Start importing Assets/Scrips/Weapon.cs using Guid(ccd1a2717ef00014eabd78543231714f) Importer(815301076,1909f56bfc062723c751e8b465ee728b) (PreviewImporter) -> (artifact id: '00000000000000000000000000000000') in 0.0005692 seconds
Import Error Code:(4)
Message: Build asset version error: assets/scrips/weapon.cs in SourceAssetDB has modification time of '2025-09-29T00:04:09.9827828Z' while content on disk has modification time of '2025-09-29T00:04:20.7407125Z'
  ERROR: Build asset version error: assets/scrips/weapon.cs in SourceAssetDB has modification time of '2025-09-29T00:04:09.9827828Z' while content on disk has modification time of '2025-09-29T00:04:20.7407125Z'
Number of updated asset objects reloaded before import = 0Number of asset objects unloaded after import = 0

========================================================================
Received Import Request.
  Time since last request: 0.000014 seconds.
  path: Assets/Scrips/Weapon.cs
  artifactKey: Guid(ccd1a2717ef00014eabd78543231714f) Importer(815301076,1909f56bfc062723c751e8b465ee728b)
Start importing Assets/Scrips/Weapon.cs using Guid(ccd1a2717ef00014eabd78543231714f) Importer(815301076,1909f56bfc062723c751e8b465ee728b) (PreviewImporter) -> (artifact id: '00000000000000000000000000000000') in 0.000478 seconds
Import Error Code:(4)
Message: Build asset version error: assets/scrips/weapon.cs in SourceAssetDB has modification time of '2025-09-29T00:04:09.9827828Z' while content on disk has modification time of '2025-09-29T00:04:20.7407125Z'
  ERROR: Build asset version error: assets/scrips/weapon.cs in SourceAssetDB has modification time of '2025-09-29T00:04:09.9827828Z' while content on disk has modification time of '2025-09-29T00:04:20.7407125Z'
Number of updated asset objects reloaded before import = 0Number of asset objects unloaded after import = 0

========================================================================
Received Import Request.
  Time since last request: 0.000016 seconds.
  path: Assets/Scrips/Weapon.cs
  artifactKey: Guid(ccd1a2717ef00014eabd78543231714f) Importer(815301076,1909f56bfc062723c751e8b465ee728b)
Start importing Assets/Scrips/Weapon.cs using Guid(ccd1a2717ef00014eabd78543231714f) Importer(815301076,1909f56bfc062723c751e8b465ee728b) (PreviewImporter) -> (artifact id: '00000000000000000000000000000000') in 0.0005901 seconds
Import Error Code:(4)
Message: Build asset version error: assets/scrips/weapon.cs in SourceAssetDB has modification time of '2025-09-29T00:04:09.9827828Z' while content on disk has modification time of '2025-09-29T00:04:20.7407125Z'
  ERROR: Build asset version error: assets/scrips/weapon.cs in SourceAssetDB has modification time of '2025-09-29T00:04:09.9827828Z' while content on disk has modification time of '2025-09-29T00:04:20.7407125Z'
Number of updated asset objects reloaded before import = 0Number of asset objects unloaded after import = 0

========================================================================
Received Import Request.
  Time since last request: 0.000019 seconds.
  path: Assets/Scrips/Weapon.cs
  artifactKey: Guid(ccd1a2717ef00014eabd78543231714f) Importer(815301076,1909f56bfc062723c751e8b465ee728b)
Start importing Assets/Scrips/Weapon.cs using Guid(ccd1a2717ef00014eabd78543231714f) Importer(815301076,1909f56bfc062723c751e8b465ee728b) (PreviewImporter) -> (artifact id: '00000000000000000000000000000000') in 0.0007742 seconds
Import Error Code:(4)
Message: Build asset version error: assets/scrips/weapon.cs in SourceAssetDB has modification time of '2025-09-29T00:04:09.9827828Z' while content on disk has modification time of '2025-09-29T00:04:20.7407125Z'
  ERROR: Build asset version error: assets/scrips/weapon.cs in SourceAssetDB has modification time of '2025-09-29T00:04:09.9827828Z' while content on disk has modification time of '2025-09-29T00:04:20.7407125Z'
Number of updated asset objects reloaded before import = 0Number of asset objects unloaded after import = 0

========================================================================
Received Import Request.
  Time since last request: 0.000029 seconds.
  path: Assets/Scrips/Weapon.cs
  artifactKey: Guid(ccd1a2717ef00014eabd78543231714f) Importer(815301076,1909f56bfc062723c751e8b465ee728b)
Start importing Assets/Scrips/Weapon.cs using Guid(ccd1a2717ef00014eabd78543231714f) Importer(815301076,1909f56bfc062723c751e8b465ee728b) (PreviewImporter) -> (artifact id: '00000000000000000000000000000000') in 0.000513 seconds
Import Error Code:(4)
Message: Build asset version error: assets/scrips/weapon.cs in SourceAssetDB has modification time of '2025-09-29T00:04:09.9827828Z' while content on disk has modification time of '2025-09-29T00:04:20.7407125Z'
  ERROR: Build asset version error: assets/scrips/weapon.cs in SourceAssetDB has modification time of '2025-09-29T00:04:09.9827828Z' while content on disk has modification time of '2025-09-29T00:04:20.7407125Z'
Number of updated asset objects reloaded before import = 0Number of asset objects unloaded after import = 0

========================================================================
Received Import Request.
  Time since last request: 0.000017 seconds.
  path: Assets/Scrips/Weapon.cs
  artifactKey: Guid(ccd1a2717ef00014eabd78543231714f) Importer(815301076,1909f56bfc062723c751e8b465ee728b)
Start importing Assets/Scrips/Weapon.cs using Guid(ccd1a2717ef00014eabd78543231714f) Importer(815301076,1909f56bfc062723c751e8b465ee728b) (PreviewImporter) -> (artifact id: '00000000000000000000000000000000') in 0.0007557 seconds
Import Error Code:(4)
Message: Build asset version error: assets/scrips/weapon.cs in SourceAssetDB has modification time of '2025-09-29T00:04:09.9827828Z' while content on disk has modification time of '2025-09-29T00:04:20.7407125Z'
  ERROR: Build asset version error: assets/scrips/weapon.cs in SourceAssetDB has modification time of '2025-09-29T00:04:09.9827828Z' while content on disk has modification time of '2025-09-29T00:04:20.7407125Z'
Number of updated asset objects reloaded before import = 0Number of asset objects unloaded after import = 0

========================================================================
Received Import Request.
  Time since last request: 0.000016 seconds.
  path: Assets/Scrips/Weapon.cs
  artifactKey: Guid(ccd1a2717ef00014eabd78543231714f) Importer(815301076,1909f56bfc062723c751e8b465ee728b)
Start importing Assets/Scrips/Weapon.cs using Guid(ccd1a2717ef00014eabd78543231714f) Importer(815301076,1909f56bfc062723c751e8b465ee728b) (PreviewImporter) -> (artifact id: '00000000000000000000000000000000') in 0.0007658 seconds
Import Error Code:(4)
Message: Build asset version error: assets/scrips/weapon.cs in SourceAssetDB has modification time of '2025-09-29T00:04:09.9827828Z' while content on disk has modification time of '2025-09-29T00:04:20.7407125Z'
  ERROR: Build asset version error: assets/scrips/weapon.cs in SourceAssetDB has modification time of '2025-09-29T00:04:09.9827828Z' while content on disk has modification time of '2025-09-29T00:04:20.7407125Z'
Number of updated asset objects reloaded before import = 0Number of asset objects unloaded after import = 0

========================================================================
Received Import Request.
  Time since last request: 0.000017 seconds.
  path: Assets/Scrips/Weapon.cs
  artifactKey: Guid(ccd1a2717ef00014eabd78543231714f) Importer(815301076,1909f56bfc062723c751e8b465ee728b)
Start importing Assets/Scrips/Weapon.cs using Guid(ccd1a2717ef00014eabd78543231714f) Importer(815301076,1909f56bfc062723c751e8b465ee728b) (PreviewImporter) -> (artifact id: '00000000000000000000000000000000') in 0.0007588 seconds
Import Error Code:(4)
Message: Build asset version error: assets/scrips/weapon.cs in SourceAssetDB has modification time of '2025-09-29T00:04:09.9827828Z' while content on disk has modification time of '2025-09-29T00:04:20.7407125Z'
  ERROR: Build asset version error: assets/scrips/weapon.cs in SourceAssetDB has modification time of '2025-09-29T00:04:09.9827828Z' while content on disk has modification time of '2025-09-29T00:04:20.7407125Z'
Number of updated asset objects reloaded before import = 0Number of asset objects unloaded after import = 0

========================================================================
Received Import Request.
  Time since last request: 0.000015 seconds.
  path: Assets/Scrips/Weapon.cs
  artifactKey: Guid(ccd1a2717ef00014eabd78543231714f) Importer(815301076,1909f56bfc062723c751e8b465ee728b)
Start importing Assets/Scrips/Weapon.cs using Guid(ccd1a2717ef00014eabd78543231714f) Importer(815301076,1909f56bfc062723c751e8b465ee728b) (PreviewImporter) -> (artifact id: '00000000000000000000000000000000') in 0.0006654 seconds
Import Error Code:(4)
Message: Build asset version error: assets/scrips/weapon.cs in SourceAssetDB has modification time of '2025-09-29T00:04:09.9827828Z' while content on disk has modification time of '2025-09-29T00:04:20.7407125Z'
  ERROR: Build asset version error: assets/scrips/weapon.cs in SourceAssetDB has modification time of '2025-09-29T00:04:09.9827828Z' while content on disk has modification time of '2025-09-29T00:04:20.7407125Z'
Number of updated asset objects reloaded before import = 0Number of asset objects unloaded after import = 0

========================================================================
Received Import Request.
  Time since last request: 0.000028 seconds.
  path: Assets/Scrips/Weapon.cs
  artifactKey: Guid(ccd1a2717ef00014eabd78543231714f) Importer(815301076,1909f56bfc062723c751e8b465ee728b)
Start importing Assets/Scrips/Weapon.cs using Guid(ccd1a2717ef00014eabd78543231714f) Importer(815301076,1909f56bfc062723c751e8b465ee728b) (PreviewImporter) -> (artifact id: '00000000000000000000000000000000') in 0.0006745 seconds
Import Error Code:(4)
Message: Build asset version error: assets/scrips/weapon.cs in SourceAssetDB has modification time of '2025-09-29T00:04:09.9827828Z' while content on disk has modification time of '2025-09-29T00:04:20.7407125Z'
  ERROR: Build asset version error: assets/scrips/weapon.cs in SourceAssetDB has modification time of '2025-09-29T00:04:09.9827828Z' while content on disk has modification time of '2025-09-29T00:04:20.7407125Z'
Number of updated asset objects reloaded before import = 0Number of asset objects unloaded after import = 0

========================================================================
Received Import Request.
  Time since last request: 0.000013 seconds.
  path: Assets/Scrips/Weapon.cs
  artifactKey: Guid(ccd1a2717ef00014eabd78543231714f) Importer(815301076,1909f56bfc062723c751e8b465ee728b)
Start importing Assets/Scrips/Weapon.cs using Guid(ccd1a2717ef00014eabd78543231714f) Importer(815301076,1909f56bfc062723c751e8b465ee728b) (PreviewImporter) -> (artifact id: '00000000000000000000000000000000') in 0.0004605 seconds
Import Error Code:(4)
Message: Build asset version error: assets/scrips/weapon.cs in SourceAssetDB has modification time of '2025-09-29T00:04:09.9827828Z' while content on disk has modification time of '2025-09-29T00:04:20.7407125Z'
  ERROR: Build asset version error: assets/scrips/weapon.cs in SourceAssetDB has modification time of '2025-09-29T00:04:09.9827828Z' while content on disk has modification time of '2025-09-29T00:04:20.7407125Z'
Number of updated asset objects reloaded before import = 0Number of asset objects unloaded after import = 0

========================================================================
Received Import Request.
  Time since last request: 0.000016 seconds.
  path: Assets/Scrips/Weapon.cs
  artifactKey: Guid(ccd1a2717ef00014eabd78543231714f) Importer(815301076,1909f56bfc062723c751e8b465ee728b)
Start importing Assets/Scrips/Weapon.cs using Guid(ccd1a2717ef00014eabd78543231714f) Importer(815301076,1909f56bfc062723c751e8b465ee728b) (PreviewImporter) -> (artifact id: '00000000000000000000000000000000') in 0.0006424 seconds
Import Error Code:(4)
Message: Build asset version error: assets/scrips/weapon.cs in SourceAssetDB has modification time of '2025-09-29T00:04:09.9827828Z' while content on disk has modification time of '2025-09-29T00:04:20.7407125Z'
  ERROR: Build asset version error: assets/scrips/weapon.cs in SourceAssetDB has modification time of '2025-09-29T00:04:09.9827828Z' while content on disk has modification time of '2025-09-29T00:04:20.7407125Z'
Number of updated asset objects reloaded before import = 0Number of asset objects unloaded after import = 0

========================================================================
Received Import Request.
  Time since last request: 0.000016 seconds.
  path: Assets/Scrips/Weapon.cs
  artifactKey: Guid(ccd1a2717ef00014eabd78543231714f) Importer(815301076,1909f56bfc062723c751e8b465ee728b)
Start importing Assets/Scrips/Weapon.cs using Guid(ccd1a2717ef00014eabd78543231714f) Importer(815301076,1909f56bfc062723c751e8b465ee728b) (PreviewImporter) -> (artifact id: '00000000000000000000000000000000') in 0.0013298 seconds
Import Error Code:(4)
Message: Build asset version error: assets/scrips/weapon.cs in SourceAssetDB has modification time of '2025-09-29T00:04:09.9827828Z' while content on disk has modification time of '2025-09-29T00:04:20.7407125Z'
  ERROR: Build asset version error: assets/scrips/weapon.cs in SourceAssetDB has modification time of '2025-09-29T00:04:09.9827828Z' while content on disk has modification time of '2025-09-29T00:04:20.7407125Z'
Number of updated asset objects reloaded before import = 0Number of asset objects unloaded after import = 0

========================================================================
Received Import Request.
  Time since last request: 0.000019 seconds.
  path: Assets/Scrips/Weapon.cs
  artifactKey: Guid(ccd1a2717ef00014eabd78543231714f) Importer(815301076,1909f56bfc062723c751e8b465ee728b)
Start importing Assets/Scrips/Weapon.cs using Guid(ccd1a2717ef00014eabd78543231714f) Importer(815301076,1909f56bfc062723c751e8b465ee728b) (PreviewImporter) -> (artifact id: '00000000000000000000000000000000') in 0.0008219 seconds
Import Error Code:(4)
Message: Build asset version error: assets/scrips/weapon.cs in SourceAssetDB has modification time of '2025-09-29T00:04:09.9827828Z' while content on disk has modification time of '2025-09-29T00:04:20.7407125Z'
  ERROR: Build asset version error: assets/scrips/weapon.cs in SourceAssetDB has modification time of '2025-09-29T00:04:09.9827828Z' while content on disk has modification time of '2025-09-29T00:04:20.7407125Z'
Number of updated asset objects reloaded before import = 0Number of asset objects unloaded after import = 0

========================================================================
Received Import Request.
  Time since last request: 0.000031 seconds.
  path: Assets/Scrips/Weapon.cs
  artifactKey: Guid(ccd1a2717ef00014eabd78543231714f) Importer(815301076,1909f56bfc062723c751e8b465ee728b)
Start importing Assets/Scrips/Weapon.cs using Guid(ccd1a2717ef00014eabd78543231714f) Importer(815301076,1909f56bfc062723c751e8b465ee728b) (PreviewImporter) -> (artifact id: 'c024f37c6e296cbbcd305fbcc33fc931') in 0.0009445 seconds
Number of updated asset objects reloaded before import = 0Number of asset objects unloaded after import = 0

========================================================================
Received Prepare
Refreshing native plugins compatible for Editor in 5.92 ms, found 4 plugins.
Preloading 0 native plugins for Editor in 0.00 ms.
Unloading 36 Unused Serialized files (Serialized files now loaded: 0)
Unloading 6721 unused Assets / (3.5 MB). Loaded Objects now: 7407.
Memory consumption went from 151.2 MB to 147.7 MB.
Total: 11.659000 ms (FindLiveObjects: 0.997900 ms CreateObjectMapping: 1.289200 ms MarkObjects: 6.567000 ms  DeleteObjects: 2.803100 ms)

Prepare: number of updated asset objects reloaded= 0
========================================================================
Received Import Request.
  Time since last request: 1.053181 seconds.
  path: Assets/Scrips/Weapon.cs
  artifactKey: Guid(ccd1a2717ef00014eabd78543231714f) Importer(815301076,1909f56bfc062723c751e8b465ee728b)
Start importing Assets/Scrips/Weapon.cs using Guid(ccd1a2717ef00014eabd78543231714f) Importer(815301076,1909f56bfc062723c751e8b465ee728b) (PreviewImporter) -> (artifact id: 'd9c42c36144b7ba2c025605bb4c0be3f') in 0.0007539 seconds
Number of updated asset objects reloaded before import = 0Number of asset objects unloaded after import = 0

========================================================================
Received Prepare
Refreshing native plugins compatible for Editor in 3.06 ms, found 4 plugins.
Preloading 0 native plugins for Editor in 0.00 ms.
Unloading 36 Unused Serialized files (Serialized files now loaded: 0)
Unloading 6722 unused Assets / (6.9 MB). Loaded Objects now: 7408.
Memory consumption went from 151.2 MB to 144.3 MB.
Total: 11.299500 ms (FindLiveObjects: 0.907600 ms CreateObjectMapping: 0.504300 ms MarkObjects: 6.116400 ms  DeleteObjects: 3.769900 ms)

Prepare: number of updated asset objects reloaded= 0
========================================================================
Received Import Request.
  Time since last request: 15.538925 seconds.
  path: Assets/Scrips/Projectile.cs
  artifactKey: Guid(f4c6c608569f74e4d90df1cc853096ca) Importer(815301076,1909f56bfc062723c751e8b465ee728b)
Start importing Assets/Scrips/Projectile.cs using Guid(f4c6c608569f74e4d90df1cc853096ca) Importer(815301076,1909f56bfc062723c751e8b465ee728b) (PreviewImporter) -> (artifact id: '92ebe15ba6b87c8b04e1dc991d629c51') in 0.0008527 seconds
Number of updated asset objects reloaded before import = 0Number of asset objects unloaded after import = 0

========================================================================
Received Prepare
Refreshing native plugins compatible for Editor in 4.74 ms, found 4 plugins.
Preloading 0 native plugins for Editor in 0.00 ms.
Unloading 36 Unused Serialized files (Serialized files now loaded: 0)
Unloading 6722 unused Assets / (7.2 MB). Loaded Objects now: 7408.
Memory consumption went from 151.2 MB to 144.0 MB.
Total: 11.893700 ms (FindLiveObjects: 0.973300 ms CreateObjectMapping: 0.552600 ms MarkObjects: 5.544700 ms  DeleteObjects: 4.821900 ms)

Prepare: number of updated asset objects reloaded= 0
========================================================================
Received Import Request.
  Time since last request: 47.062206 seconds.
  path: Assets/Scrips/Projectile.cs
  artifactKey: Guid(f4c6c608569f74e4d90df1cc853096ca) Importer(815301076,1909f56bfc062723c751e8b465ee728b)
Start importing Assets/Scrips/Projectile.cs using Guid(f4c6c608569f74e4d90df1cc853096ca) Importer(815301076,1909f56bfc062723c751e8b465ee728b) (PreviewImporter) -> (artifact id: 'a45732611c31810d78bd38f714b8a0ba') in 0.0007062 seconds
Number of updated asset objects reloaded before import = 0Number of asset objects unloaded after import = 0

========================================================================
Received Import Request.
  Time since last request: 87.477094 seconds.
  path: Assets/Sprites/weapons
  artifactKey: Guid(9d57ab26d303f20498c933be04e19968) Importer(815301076,1909f56bfc062723c751e8b465ee728b)
Start importing Assets/Sprites/weapons using Guid(9d57ab26d303f20498c933be04e19968) Importer(815301076,1909f56bfc062723c751e8b465ee728b) (PreviewImporter) -> (artifact id: '22b21efbebfc4cd321883ee160aac958') in 0.0004909 seconds
Number of updated asset objects reloaded before import = 0Number of asset objects unloaded after import = 0

========================================================================
Received Import Request.
  Time since last request: 13.265546 seconds.
  path: Assets/Sprites/weapons/catapultaSandia
  artifactKey: Guid(9b9ad28a0adbc1e4e8fa5a94e0892044) Importer(815301076,1909f56bfc062723c751e8b465ee728b)
Start importing Assets/Sprites/weapons/catapultaSandia using Guid(9b9ad28a0adbc1e4e8fa5a94e0892044) Importer(815301076,1909f56bfc062723c751e8b465ee728b) (PreviewImporter) -> (artifact id: '35fca169d5cdb44caab8edad8d1ad6b7') in 0.0006862 seconds
Number of updated asset objects reloaded before import = 0Number of asset objects unloaded after import = 0

========================================================================
Received Import Request.
  Time since last request: 60.739328 seconds.
  path: Assets/Sprites/weapons/catapultaSandia/catapulta01.png
  artifactKey: Guid(3678c6de39aad0540b1f9a411cbfa3b3) Importer(815301076,1909f56bfc062723c751e8b465ee728b)
Start importing Assets/Sprites/weapons/catapultaSandia/catapulta01.png using Guid(3678c6de39aad0540b1f9a411cbfa3b3) Importer(815301076,1909f56bfc062723c751e8b465ee728b) (PreviewImporter) -> (artifact id: 'f260ea384470cdde5e53f787ffdd3178') in 0.1600965 seconds
Number of updated asset objects reloaded before import = 0Number of asset objects unloaded after import = 3

========================================================================
Received Import Request.
  Time since last request: 0.000029 seconds.
  path: Assets/Sprites/weapons/catapultaSandia/catapulta06.png
  artifactKey: Guid(8ef0748152d33e841893cfe416e8416c) Importer(815301076,1909f56bfc062723c751e8b465ee728b)
Start importing Assets/Sprites/weapons/catapultaSandia/catapulta06.png using Guid(8ef0748152d33e841893cfe416e8416c) Importer(815301076,1909f56bfc062723c751e8b465ee728b) (PreviewImporter) -> (artifact id: '0ec3943f056c11483d1f438159ff5906') in 0.0329975 seconds
Number of updated asset objects reloaded before import = 0Number of asset objects unloaded after import = 3

========================================================================
Received Import Request.
  Time since last request: 0.000027 seconds.
  path: Assets/Sprites/weapons/catapultaSandia/catapulta05.png
  artifactKey: Guid(51869479700e47c4ba0a1d75dee58070) Importer(815301076,1909f56bfc062723c751e8b465ee728b)
Start importing Assets/Sprites/weapons/catapultaSandia/catapulta05.png using Guid(51869479700e47c4ba0a1d75dee58070) Importer(815301076,1909f56bfc062723c751e8b465ee728b) (PreviewImporter) -> (artifact id: 'fa9aeeeb62ed446d377a8a29363c19ea') in 0.0336172 seconds
Number of updated asset objects reloaded before import = 0Number of asset objects unloaded after import = 3

Editor requested this worker to shutdown with reason: Scaling down because of idle timeout
AssetImportWorkerClient::OnTransportError - code=2 error=End of file
AssetImportWorker is now disconnected from the server
Process exiting
Exiting without the bug reporter. Application will terminate with return code 0