Using pre-set license
Built from '6000.1/staging' branch; Version is '6000.1.0f1 (9ea152932a88) revision 10395986'; Using compiler version '194234433'; Build Type 'Release'
OS: 'Windows 11  (10.0.26100) 64bit Core' Language: 'es' Physical Memory: 32472 MB
BatchMode: 1, IsHumanControllingUs: 0, StartBugReporterOnCrash: 0, Is64bit: 1, IsPro: 1
Date: 2025-09-29T00:29:54Z

COMMAND LINE ARGUMENTS:
C:\Program Files\Unity\Hub\Editor\6000.1.0f1\Editor\Unity.exe
-adb2
-batchMode
-noUpm
-name
AssetImportWorker4
-projectPath
C:/Users/vpmf2/Desktop/gamedesing/CamionSimulator
-logFile
Logs/AssetImportWorker4.log
-srvPort
49215
-job-worker-count
7
-background-job-worker-count
8
-gc-helper-count
1
-name
AssetImport
Successfully changed project path to: C:/Users/vpmf2/Desktop/gamedesing/CamionSimulator
C:/Users/vpmf2/Desktop/gamedesing/CamionSimulator
[UnityMemory] Configuration Parameters - Can be set up in boot.config
    "memorysetup-allocator-temp-initial-block-size-main=262144"
    "memorysetup-allocator-temp-initial-block-size-worker=262144"
    "memorysetup-bucket-allocator-granularity=16"
    "memorysetup-bucket-allocator-bucket-count=8"
    "memorysetup-bucket-allocator-block-size=33554432"
    "memorysetup-bucket-allocator-block-count=8"
    "memorysetup-main-allocator-block-size=16777216"
    "memorysetup-thread-allocator-block-size=16777216"
    "memorysetup-gfx-main-allocator-block-size=16777216"
    "memorysetup-gfx-thread-allocator-block-size=16777216"
    "memorysetup-cache-allocator-block-size=4194304"
    "memorysetup-typetree-allocator-block-size=2097152"
    "memorysetup-profiler-bucket-allocator-granularity=16"
    "memorysetup-profiler-bucket-allocator-bucket-count=8"
    "memorysetup-profiler-bucket-allocator-block-size=33554432"
    "memorysetup-profiler-bucket-allocator-block-count=8"
    "memorysetup-profiler-allocator-block-size=16777216"
    "memorysetup-profiler-editor-allocator-block-size=1048576"
    "memorysetup-temp-allocator-size-main=16777216"
    "memorysetup-job-temp-allocator-block-size=2097152"
    "memorysetup-job-temp-allocator-block-size-background=1048576"
    "memorysetup-job-temp-allocator-reduction-small-platforms=262144"
    "memorysetup-temp-allocator-size-background-worker=32768"
    "memorysetup-temp-allocator-size-job-worker=262144"
    "memorysetup-temp-allocator-size-preload-manager=33554432"
    "memorysetup-temp-allocator-size-nav-mesh-worker=65536"
    "memorysetup-temp-allocator-size-audio-worker=65536"
    "memorysetup-temp-allocator-size-cloud-worker=32768"
    "memorysetup-temp-allocator-size-gi-baking-worker=262144"
    "memorysetup-temp-allocator-size-gi-baking-worker=262144"
    "memorysetup-temp-allocator-size-gi-baking-worker=262144"
    "memorysetup-temp-allocator-size-gi-baking-worker=262144"
    "memorysetup-temp-allocator-size-gi-baking-worker=262144"
    "memorysetup-temp-allocator-size-gfx=262144"
Player connection [24660]  Target information:

Player connection [24660]  * "[IP] 10.0.0.12 [Port] 0 [Flags] 2 [Guid] 3902376004 [EditorId] 3902376004 [Version] 1048832 [Id] WindowsEditor(7,MSI) [Debug] 1 [PackageName] WindowsEditor [ProjectName] Editor" 

Player connection [24660] Host joined multi-casting on [225.0.0.222:54997]...
Player connection [24660] Host joined alternative multi-casting on [225.0.0.222:34997]...
JobSystem: Creating JobQueue using job-worker-count value 7
Input System module state changed to: Initialized.
[Physics::Module] Initialized fallback backend.
[Physics::Module] Id: 0xdecafbad
Library Redirect Path: Library/
[Physics::Module] Selected backend.
[Physics::Module] Name: PhysX
[Physics::Module] Id: 0xf2b8ea05
[Physics::Module] SDK Version: 4.1.2
[Physics::Module] Integration Version: 1.0.0
[Physics::Module] Threading Mode: Multi-Threaded
Refreshing native plugins compatible for Editor in 3.92 ms, found 4 plugins.
Preloading 0 native plugins for Editor in 0.00 ms.
Initialize engine version: 6000.1.0f1 (9ea152932a88)
[Subsystems] Discovering subsystems at path C:/Program Files/Unity/Hub/Editor/6000.1.0f1/Editor/Data/Resources/UnitySubsystems
[Subsystems] Discovering subsystems at path C:/Users/vpmf2/Desktop/gamedesing/CamionSimulator/Assets
GfxDevice: creating device client; kGfxThreadingModeNonThreaded
Direct3D:
    Version:         Direct3D 12 [level 12.1]
    Renderer:        NVIDIA GeForce RTX 3060 Laptop GPU (ID=0x2520)
    Vendor:          NVIDIA
    VRAM:            6023 MB
    App VRAM Budget: 5255 MB
    Driver:          30.0.15.1165
Initialize mono
Mono path[0] = 'C:/Program Files/Unity/Hub/Editor/6000.1.0f1/Editor/Data/Managed'
Mono path[1] = 'C:/Program Files/Unity/Hub/Editor/6000.1.0f1/Editor/Data/MonoBleedingEdge/lib/mono/unityjit-win32'
Mono config path = 'C:/Program Files/Unity/Hub/Editor/6000.1.0f1/Editor/Data/MonoBleedingEdge/etc'
Using monoOptions --debugger-agent=transport=dt_socket,embedding=1,server=y,suspend=n,address=127.0.0.1:56836
Begin MonoManager ReloadAssembly
Registering precompiled unity dll's ...
Register platform support module: C:/Program Files/Unity/Hub/Editor/6000.1.0f1/Editor/Data/PlaybackEngines/WindowsStandaloneSupport/UnityEditor.WindowsStandalone.Extensions.dll
Registered in 0.001540 seconds.
- Loaded All Assemblies, in  0.283 seconds
Native extension for WindowsStandalone target not found
Mono: successfully reloaded assembly
- Finished resetting the current domain, in  0.240 seconds
Domain Reload Profiling: 521ms
	BeginReloadAssembly (99ms)
		ExecutionOrderSort (0ms)
		DisableScriptedObjects (0ms)
		BackupInstance (0ms)
		ReleaseScriptingObjects (0ms)
		CreateAndSetChildDomain (1ms)
	RebuildCommonClasses (28ms)
	RebuildNativeTypeToScriptingClass (8ms)
	initialDomainReloadingComplete (36ms)
	LoadAllAssembliesAndSetupDomain (109ms)
		LoadAssemblies (97ms)
		RebuildTransferFunctionScriptingTraits (0ms)
		AnalyzeDomain (107ms)
			TypeCache.Refresh (106ms)
				TypeCache.ScanAssembly (96ms)
			BuildScriptInfoCaches (0ms)
			ResolveRequiredComponents (0ms)
	FinalizeReload (240ms)
		ReleaseScriptCaches (0ms)
		RebuildScriptCaches (0ms)
		SetupLoadedEditorAssemblies (207ms)
			LogAssemblyErrors (0ms)
			InitializePlatformSupportModulesInManaged (38ms)
			SetLoadedEditorAssemblies (3ms)
			BeforeProcessingInitializeOnLoad (39ms)
			ProcessInitializeOnLoadAttributes (87ms)
			ProcessInitializeOnLoadMethodAttributes (40ms)
			AfterProcessingInitializeOnLoad (0ms)
			EditorAssembliesLoaded (0ms)
		ExecutionOrderSort2 (0ms)
		AwakeInstancesAfterBackupRestoration (0ms)
========================================================================
Worker process is ready to serve import requests
Import Worker Mode flag is 0x00
Begin MonoManager ReloadAssembly
- Loaded All Assemblies, in  0.594 seconds
Refreshing native plugins compatible for Editor in 1.43 ms, found 4 plugins.
Native extension for WindowsStandalone target not found
Mono: successfully reloaded assembly
- Finished resetting the current domain, in  0.536 seconds
Domain Reload Profiling: 1126ms
	BeginReloadAssembly (124ms)
		ExecutionOrderSort (0ms)
		DisableScriptedObjects (4ms)
		BackupInstance (0ms)
		ReleaseScriptingObjects (0ms)
		CreateAndSetChildDomain (22ms)
	RebuildCommonClasses (26ms)
	RebuildNativeTypeToScriptingClass (8ms)
	initialDomainReloadingComplete (28ms)
	LoadAllAssembliesAndSetupDomain (403ms)
		LoadAssemblies (286ms)
		RebuildTransferFunctionScriptingTraits (0ms)
		AnalyzeDomain (191ms)
			TypeCache.Refresh (137ms)
				TypeCache.ScanAssembly (125ms)
			BuildScriptInfoCaches (44ms)
			ResolveRequiredComponents (8ms)
	FinalizeReload (536ms)
		ReleaseScriptCaches (0ms)
		RebuildScriptCaches (0ms)
		SetupLoadedEditorAssemblies (440ms)
			LogAssemblyErrors (0ms)
			InitializePlatformSupportModulesInManaged (1ms)
			SetLoadedEditorAssemblies (4ms)
			BeforeProcessingInitializeOnLoad (86ms)
			ProcessInitializeOnLoadAttributes (264ms)
			ProcessInitializeOnLoadMethodAttributes (80ms)
			AfterProcessingInitializeOnLoad (4ms)
			EditorAssembliesLoaded (0ms)
		ExecutionOrderSort2 (0ms)
		AwakeInstancesAfterBackupRestoration (5ms)
Launched and connected shader compiler UnityShaderCompiler.exe after 0.01 seconds
Refreshing native plugins compatible for Editor in 1.40 ms, found 4 plugins.
Preloading 0 native plugins for Editor in 0.00 ms.
Unloading 217 Unused Serialized files (Serialized files now loaded: 0)
Unloading 6735 unused Assets / (6.5 MB). Loaded Objects now: 7403.
Memory consumption went from 171.3 MB to 164.8 MB.
Total: 7.278700 ms (FindLiveObjects: 0.534200 ms CreateObjectMapping: 0.492400 ms MarkObjects: 4.000600 ms  DeleteObjects: 2.250800 ms)

========================================================================
Received Import Request.
  Time since last request: 991218.429970 seconds.
  path: Assets/Sprites/weapons/catapultaSandia/catapulta01.png
  artifactKey: Guid(3678c6de39aad0540b1f9a411cbfa3b3) Importer(815301076,1909f56bfc062723c751e8b465ee728b)
Start importing Assets/Sprites/weapons/catapultaSandia/catapulta01.png using Guid(3678c6de39aad0540b1f9a411cbfa3b3) Importer(815301076,1909f56bfc062723c751e8b465ee728b) (PreviewImporter) -> (artifact id: 'cddfda232f69692ef2b8d3f25cf99964') in 0.1173659 seconds
Number of updated asset objects reloaded before import = 0Number of asset objects unloaded after import = 4

========================================================================
Received Import Request.
  Time since last request: 9.750477 seconds.
  path: Assets/Sprites/weapons/catapultaSandia/catapulta02.png
  artifactKey: Guid(9d5442fe2590224418de35655b201cc5) Importer(815301076,1909f56bfc062723c751e8b465ee728b)
Start importing Assets/Sprites/weapons/catapultaSandia/catapulta02.png using Guid(9d5442fe2590224418de35655b201cc5) Importer(815301076,1909f56bfc062723c751e8b465ee728b) (PreviewImporter) -> (artifact id: '6f805ea5a05bc3557b34163ce8ce9829') in 0.0761705 seconds
Number of updated asset objects reloaded before import = 0Number of asset objects unloaded after import = 6

========================================================================
Received Import Request.
  Time since last request: 0.000027 seconds.
  path: Assets/Sprites/weapons/catapultaSandia/catapulta06.png
  artifactKey: Guid(8ef0748152d33e841893cfe416e8416c) Importer(815301076,1909f56bfc062723c751e8b465ee728b)
Start importing Assets/Sprites/weapons/catapultaSandia/catapulta06.png using Guid(8ef0748152d33e841893cfe416e8416c) Importer(815301076,1909f56bfc062723c751e8b465ee728b) (PreviewImporter) -> (artifact id: '386e892b6965077e6bab6fbe0a689141') in 0.0419608 seconds
Number of updated asset objects reloaded before import = 0Number of asset objects unloaded after import = 4

========================================================================
Received Import Request.
  Time since last request: 0.000022 seconds.
  path: Assets/Sprites/weapons/catapultaSandia/catapulta04.png
  artifactKey: Guid(4a660f2848817374ca0a8f22d61418f8) Importer(815301076,1909f56bfc062723c751e8b465ee728b)
Start importing Assets/Sprites/weapons/catapultaSandia/catapulta04.png using Guid(4a660f2848817374ca0a8f22d61418f8) Importer(815301076,1909f56bfc062723c751e8b465ee728b) (PreviewImporter) -> (artifact id: '130491ddf42a8209895da70171c0a93a') in 0.0696264 seconds
Number of updated asset objects reloaded before import = 0Number of asset objects unloaded after import = 6

========================================================================
Received Import Request.
  Time since last request: 55.422061 seconds.
  path: Assets/Sprites/weapons/catapultaSandia/catapulta01_0.controller
  artifactKey: Guid(4befa27ab1dfe7944a8aa17045d2bbac) Importer(815301076,1909f56bfc062723c751e8b465ee728b)
Start importing Assets/Sprites/weapons/catapultaSandia/catapulta01_0.controller using Guid(4befa27ab1dfe7944a8aa17045d2bbac) Importer(815301076,1909f56bfc062723c751e8b465ee728b) (PreviewImporter) -> (artifact id: 'efaeedb65d347f77ac9984157f3fda51') in 0.0020804 seconds
Number of updated asset objects reloaded before import = 0Number of asset objects unloaded after import = 1

========================================================================
Received Import Request.
  Time since last request: 34.761405 seconds.
  path: Assets/Sprites/weapons/catapultaSandia/catapultaSandia.anim
  artifactKey: Guid(6102b60874e6ec846821891eedeb9e6d) Importer(815301076,1909f56bfc062723c751e8b465ee728b)
Start importing Assets/Sprites/weapons/catapultaSandia/catapultaSandia.anim using Guid(6102b60874e6ec846821891eedeb9e6d) Importer(815301076,1909f56bfc062723c751e8b465ee728b) (PreviewImporter) -> (artifact id: 'f6ac8d0fa203d18271b41450de54df03') in 0.0024964 seconds
Number of updated asset objects reloaded before import = 0Number of asset objects unloaded after import = 1

========================================================================
Received Import Request.
  Time since last request: 581.508549 seconds.
  path: Assets/Sprites/weapons/catapultaSandia/catapultaSandia.anim
  artifactKey: Guid(6102b60874e6ec846821891eedeb9e6d) Importer(815301076,1909f56bfc062723c751e8b465ee728b)
Start importing Assets/Sprites/weapons/catapultaSandia/catapultaSandia.anim using Guid(6102b60874e6ec846821891eedeb9e6d) Importer(815301076,1909f56bfc062723c751e8b465ee728b) (PreviewImporter) -> (artifact id: 'bb9e255d18a0bd048e93ada0c301ba83') in 0.0023308 seconds
Number of updated asset objects reloaded before import = 0Number of asset objects unloaded after import = 1

========================================================================
Received Prepare
Begin MonoManager ReloadAssembly
- Loaded All Assemblies, in  0.748 seconds
Refreshing native plugins compatible for Editor in 1.29 ms, found 4 plugins.
Native extension for WindowsStandalone target not found
Mono: successfully reloaded assembly
- Finished resetting the current domain, in  0.593 seconds
Domain Reload Profiling: 1338ms
	BeginReloadAssembly (269ms)
		ExecutionOrderSort (0ms)
		DisableScriptedObjects (19ms)
		BackupInstance (0ms)
		ReleaseScriptingObjects (0ms)
		CreateAndSetChildDomain (65ms)
	RebuildCommonClasses (28ms)
	RebuildNativeTypeToScriptingClass (9ms)
	initialDomainReloadingComplete (24ms)
	LoadAllAssembliesAndSetupDomain (415ms)
		LoadAssemblies (357ms)
		RebuildTransferFunctionScriptingTraits (0ms)
		AnalyzeDomain (180ms)
			TypeCache.Refresh (10ms)
				TypeCache.ScanAssembly (0ms)
			BuildScriptInfoCaches (158ms)
			ResolveRequiredComponents (9ms)
	FinalizeReload (593ms)
		ReleaseScriptCaches (0ms)
		RebuildScriptCaches (0ms)
		SetupLoadedEditorAssemblies (442ms)
			LogAssemblyErrors (0ms)
			InitializePlatformSupportModulesInManaged (2ms)
			SetLoadedEditorAssemblies (5ms)
			BeforeProcessingInitializeOnLoad (100ms)
			ProcessInitializeOnLoadAttributes (282ms)
			ProcessInitializeOnLoadMethodAttributes (48ms)
			AfterProcessingInitializeOnLoad (4ms)
			EditorAssembliesLoaded (0ms)
		ExecutionOrderSort2 (0ms)
		AwakeInstancesAfterBackupRestoration (11ms)
Refreshing native plugins compatible for Editor in 1.83 ms, found 4 plugins.
Preloading 0 native plugins for Editor in 0.00 ms.
Unloading 36 Unused Serialized files (Serialized files now loaded: 0)
Unloading 6733 unused Assets / (6.8 MB). Loaded Objects now: 7421.
Memory consumption went from 151.7 MB to 144.9 MB.
Total: 7.434000 ms (FindLiveObjects: 0.545200 ms CreateObjectMapping: 0.491300 ms MarkObjects: 3.756000 ms  DeleteObjects: 2.640300 ms)

Prepare: number of updated asset objects reloaded= 0
========================================================================
Received Import Request.
  Time since last request: 1895.729516 seconds.
  path: Assets/Prefabs/carro1.prefab
  artifactKey: Guid(c2b58dfc79c973a43a38bc6621ed986f) Importer(815301076,1909f56bfc062723c751e8b465ee728b)
Start importing Assets/Prefabs/carro1.prefab using Guid(c2b58dfc79c973a43a38bc6621ed986f) Importer(815301076,1909f56bfc062723c751e8b465ee728b) (PreviewImporter) -> (artifact id: '4c740d700c9c208225e5af6fe184267b') in 0.5077732 seconds
Number of updated asset objects reloaded before import = 0Number of asset objects unloaded after import = 10

========================================================================
Received Import Request.
  Time since last request: 0.000031 seconds.
  path: Assets/Prefabs/carro3.prefab
  artifactKey: Guid(1eb0d12002c2de2479fcf52dbfc9f2f0) Importer(815301076,1909f56bfc062723c751e8b465ee728b)
Start importing Assets/Prefabs/carro3.prefab using Guid(1eb0d12002c2de2479fcf52dbfc9f2f0) Importer(815301076,1909f56bfc062723c751e8b465ee728b) (PreviewImporter) -> (artifact id: 'dab4d68585c5b6e1efa81a57fddb28e6') in 0.022296 seconds
Number of updated asset objects reloaded before import = 0Number of asset objects unloaded after import = 9

========================================================================
Received Import Request.
  Time since last request: 0.000029 seconds.
  path: Assets/Prefabs/carro5.prefab
  artifactKey: Guid(70ff5870fd9be7446b2f1f75534fdaa9) Importer(815301076,1909f56bfc062723c751e8b465ee728b)
Start importing Assets/Prefabs/carro5.prefab using Guid(70ff5870fd9be7446b2f1f75534fdaa9) Importer(815301076,1909f56bfc062723c751e8b465ee728b) (PreviewImporter) -> (artifact id: 'ff4c410eaff7d403ca5b091a4710510f') in 0.0218523 seconds
Number of updated asset objects reloaded before import = 0Number of asset objects unloaded after import = 9

========================================================================
Received Import Request.
  Time since last request: 2.832013 seconds.
  path: Assets/Prefabs/sandia_0.prefab
  artifactKey: Guid(5cbe8b8bc3a97fe408ac98b9a189e002) Importer(815301076,1909f56bfc062723c751e8b465ee728b)
Start importing Assets/Prefabs/sandia_0.prefab using Guid(5cbe8b8bc3a97fe408ac98b9a189e002) Importer(815301076,1909f56bfc062723c751e8b465ee728b) (PreviewImporter) -> (artifact id: '3d5ee63f6b27d8841ac4367dcfba4c23') in 0.0263021 seconds
Number of updated asset objects reloaded before import = 0Number of asset objects unloaded after import = 7

========================================================================
Received Import Request.
  Time since last request: 8.183355 seconds.
  path: Assets/Prefabs/catapulta01_0 (1).prefab
  artifactKey: Guid(df9d0e4d172292a4d872064043b8d757) Importer(815301076,1909f56bfc062723c751e8b465ee728b)
Start importing Assets/Prefabs/catapulta01_0 (1).prefab using Guid(df9d0e4d172292a4d872064043b8d757) Importer(815301076,1909f56bfc062723c751e8b465ee728b) (PreviewImporter) -> (artifact id: '3f338b7a727ad52a7155082826d26937') in 0.036762 seconds
Number of updated asset objects reloaded before import = 0Number of asset objects unloaded after import = 23

========================================================================
Received Prepare
Refreshing native plugins compatible for Editor in 1.53 ms, found 4 plugins.
Preloading 0 native plugins for Editor in 0.00 ms.
Unloading 36 Unused Serialized files (Serialized files now loaded: 0)
Unloading 6723 unused Assets / (6.9 MB). Loaded Objects now: 7553.
Memory consumption went from 155.2 MB to 148.3 MB.
Total: 8.852400 ms (FindLiveObjects: 0.552000 ms CreateObjectMapping: 0.497900 ms MarkObjects: 5.233700 ms  DeleteObjects: 2.568000 ms)

Prepare: number of updated asset objects reloaded= 0
========================================================================
Received Import Request.
  Time since last request: 145.510973 seconds.
  path: Assets/Scrips/WeaponPickup.cs
  artifactKey: Guid(7d5fa036e4150d84a94bc91e0f0efc59) Importer(815301076,1909f56bfc062723c751e8b465ee728b)
Start importing Assets/Scrips/WeaponPickup.cs using Guid(7d5fa036e4150d84a94bc91e0f0efc59) Importer(815301076,1909f56bfc062723c751e8b465ee728b) (PreviewImporter) -> (artifact id: 'a8b748368dc4634a59e586f569de031a') in 0.0012666 seconds
Number of updated asset objects reloaded before import = 0Number of asset objects unloaded after import = 0

========================================================================
Received Prepare
Begin MonoManager ReloadAssembly
- Loaded All Assemblies, in  0.646 seconds
Refreshing native plugins compatible for Editor in 1.54 ms, found 4 plugins.
Native extension for WindowsStandalone target not found
Mono: successfully reloaded assembly
- Finished resetting the current domain, in  0.690 seconds
Domain Reload Profiling: 1334ms
	BeginReloadAssembly (197ms)
		ExecutionOrderSort (0ms)
		DisableScriptedObjects (20ms)
		BackupInstance (0ms)
		ReleaseScriptingObjects (0ms)
		CreateAndSetChildDomain (56ms)
	RebuildCommonClasses (28ms)
	RebuildNativeTypeToScriptingClass (10ms)
	initialDomainReloadingComplete (26ms)
	LoadAllAssembliesAndSetupDomain (382ms)
		LoadAssemblies (305ms)
		RebuildTransferFunctionScriptingTraits (0ms)
		AnalyzeDomain (159ms)
			TypeCache.Refresh (8ms)
				TypeCache.ScanAssembly (0ms)
			BuildScriptInfoCaches (139ms)
			ResolveRequiredComponents (9ms)
	FinalizeReload (690ms)
		ReleaseScriptCaches (0ms)
		RebuildScriptCaches (0ms)
		SetupLoadedEditorAssemblies (505ms)
			LogAssemblyErrors (0ms)
			InitializePlatformSupportModulesInManaged (2ms)
			SetLoadedEditorAssemblies (5ms)
			BeforeProcessingInitializeOnLoad (107ms)
			ProcessInitializeOnLoadAttributes (324ms)
			ProcessInitializeOnLoadMethodAttributes (61ms)
			AfterProcessingInitializeOnLoad (5ms)
			EditorAssembliesLoaded (0ms)
		ExecutionOrderSort2 (0ms)
		AwakeInstancesAfterBackupRestoration (13ms)
Refreshing native plugins compatible for Editor in 1.58 ms, found 4 plugins.
Preloading 0 native plugins for Editor in 0.00 ms.
Unloading 36 Unused Serialized files (Serialized files now loaded: 0)
Unloading 6734 unused Assets / (7.0 MB). Loaded Objects now: 7453.
Memory consumption went from 154.3 MB to 147.3 MB.
Total: 8.557800 ms (FindLiveObjects: 0.753100 ms CreateObjectMapping: 0.519100 ms MarkObjects: 4.271100 ms  DeleteObjects: 3.013500 ms)

Prepare: number of updated asset objects reloaded= 0
========================================================================
Received Prepare
Refreshing native plugins compatible for Editor in 1.45 ms, found 4 plugins.
Preloading 0 native plugins for Editor in 0.00 ms.
Unloading 36 Unused Serialized files (Serialized files now loaded: 0)
Unloading 6724 unused Assets / (6.8 MB). Loaded Objects now: 7454.
Memory consumption went from 155.7 MB to 148.9 MB.
Total: 8.294400 ms (FindLiveObjects: 0.603900 ms CreateObjectMapping: 0.503200 ms MarkObjects: 3.938100 ms  DeleteObjects: 3.248400 ms)

Prepare: number of updated asset objects reloaded= 0
========================================================================
Received Import Request.
  Time since last request: 23.863374 seconds.
  path: Assets/Scrips/PlayerWeapons.cs
  artifactKey: Guid(ebb65d86f5594f24e9ef3073c303460a) Importer(815301076,1909f56bfc062723c751e8b465ee728b)
Start importing Assets/Scrips/PlayerWeapons.cs using Guid(ebb65d86f5594f24e9ef3073c303460a) Importer(815301076,1909f56bfc062723c751e8b465ee728b) (PreviewImporter) -> (artifact id: 'cdc12241f102272d1c5bb24cb6756290') in 0.0022746 seconds
Number of updated asset objects reloaded before import = 0Number of asset objects unloaded after import = 0

========================================================================
Received Prepare
Refreshing native plugins compatible for Editor in 1.75 ms, found 4 plugins.
Preloading 0 native plugins for Editor in 0.00 ms.
Unloading 36 Unused Serialized files (Serialized files now loaded: 0)
Unloading 6724 unused Assets / (7.2 MB). Loaded Objects now: 7454.
Memory consumption went from 154.3 MB to 147.1 MB.
Total: 8.606600 ms (FindLiveObjects: 0.588800 ms CreateObjectMapping: 0.536200 ms MarkObjects: 4.030800 ms  DeleteObjects: 3.450000 ms)

Prepare: number of updated asset objects reloaded= 0
========================================================================
Received Prepare
Begin MonoManager ReloadAssembly
- Loaded All Assemblies, in  0.615 seconds
Refreshing native plugins compatible for Editor in 1.67 ms, found 4 plugins.
Native extension for WindowsStandalone target not found
Mono: successfully reloaded assembly
- Finished resetting the current domain, in  0.652 seconds
Domain Reload Profiling: 1265ms
	BeginReloadAssembly (169ms)
		ExecutionOrderSort (0ms)
		DisableScriptedObjects (11ms)
		BackupInstance (0ms)
		ReleaseScriptingObjects (0ms)
		CreateAndSetChildDomain (40ms)
	RebuildCommonClasses (29ms)
	RebuildNativeTypeToScriptingClass (10ms)
	initialDomainReloadingComplete (26ms)
	LoadAllAssembliesAndSetupDomain (378ms)
		LoadAssemblies (300ms)
		RebuildTransferFunctionScriptingTraits (0ms)
		AnalyzeDomain (156ms)
			TypeCache.Refresh (8ms)
				TypeCache.ScanAssembly (0ms)
			BuildScriptInfoCaches (136ms)
			ResolveRequiredComponents (9ms)
	FinalizeReload (653ms)
		ReleaseScriptCaches (0ms)
		RebuildScriptCaches (0ms)
		SetupLoadedEditorAssemblies (485ms)
			LogAssemblyErrors (0ms)
			InitializePlatformSupportModulesInManaged (2ms)
			SetLoadedEditorAssemblies (5ms)
			BeforeProcessingInitializeOnLoad (107ms)
			ProcessInitializeOnLoadAttributes (308ms)
			ProcessInitializeOnLoadMethodAttributes (58ms)
			AfterProcessingInitializeOnLoad (5ms)
			EditorAssembliesLoaded (0ms)
		ExecutionOrderSort2 (0ms)
		AwakeInstancesAfterBackupRestoration (12ms)
Refreshing native plugins compatible for Editor in 2.11 ms, found 4 plugins.
Preloading 0 native plugins for Editor in 0.00 ms.
Unloading 36 Unused Serialized files (Serialized files now loaded: 0)
Unloading 6735 unused Assets / (7.0 MB). Loaded Objects now: 7456.
Memory consumption went from 159.4 MB to 152.4 MB.
Total: 8.638900 ms (FindLiveObjects: 0.595900 ms CreateObjectMapping: 0.506200 ms MarkObjects: 4.210900 ms  DeleteObjects: 3.324900 ms)

Prepare: number of updated asset objects reloaded= 0
========================================================================
Received Import Request.
  Time since last request: 192.499370 seconds.
  path: Assets/Prefabs/carro1.prefab
  artifactKey: Guid(c2b58dfc79c973a43a38bc6621ed986f) Importer(815301076,1909f56bfc062723c751e8b465ee728b)
Start importing Assets/Prefabs/carro1.prefab using Guid(c2b58dfc79c973a43a38bc6621ed986f) Importer(815301076,1909f56bfc062723c751e8b465ee728b) (PreviewImporter) -> (artifact id: '36f4042db5460e7e69ab88d6bdde5938') in 0.3978102 seconds
Number of updated asset objects reloaded before import = 0Number of asset objects unloaded after import = 10

========================================================================
Received Import Request.
  Time since last request: 0.162886 seconds.
  path: Assets/Prefabs/carro1.prefab
  artifactKey: Guid(c2b58dfc79c973a43a38bc6621ed986f) Importer(815301076,1909f56bfc062723c751e8b465ee728b)
Start importing Assets/Prefabs/carro1.prefab using Guid(c2b58dfc79c973a43a38bc6621ed986f) Importer(815301076,1909f56bfc062723c751e8b465ee728b) (PreviewImporter) -> (artifact id: '564c20c94ca312e6f7882320bbffad4d') in 0.0196548 seconds
Number of updated asset objects reloaded before import = 0Number of asset objects unloaded after import = 9

========================================================================
Received Import Request.
  Time since last request: 4.589079 seconds.
  path: Assets/Prefabs/carro2.prefab
  artifactKey: Guid(06cd44f8d73726541a7e67c74f09fb37) Importer(815301076,1909f56bfc062723c751e8b465ee728b)
Start importing Assets/Prefabs/carro2.prefab using Guid(06cd44f8d73726541a7e67c74f09fb37) Importer(815301076,1909f56bfc062723c751e8b465ee728b) (PreviewImporter) -> (artifact id: 'a9acbe8cde5264f750c0dbeb953abf4b') in 0.0155412 seconds
Number of updated asset objects reloaded before import = 0Number of asset objects unloaded after import = 9

========================================================================
Received Import Request.
  Time since last request: 0.130089 seconds.
  path: Assets/Prefabs/carro2.prefab
  artifactKey: Guid(06cd44f8d73726541a7e67c74f09fb37) Importer(815301076,1909f56bfc062723c751e8b465ee728b)
Start importing Assets/Prefabs/carro2.prefab using Guid(06cd44f8d73726541a7e67c74f09fb37) Importer(815301076,1909f56bfc062723c751e8b465ee728b) (PreviewImporter) -> (artifact id: '32383c0482b9da1d48c23ba07953fdd2') in 0.0180862 seconds
Number of updated asset objects reloaded before import = 0Number of asset objects unloaded after import = 9

========================================================================
Received Import Request.
  Time since last request: 0.155947 seconds.
  path: Assets/Prefabs/carro2.prefab
  artifactKey: Guid(06cd44f8d73726541a7e67c74f09fb37) Importer(815301076,1909f56bfc062723c751e8b465ee728b)
Start importing Assets/Prefabs/carro2.prefab using Guid(06cd44f8d73726541a7e67c74f09fb37) Importer(815301076,1909f56bfc062723c751e8b465ee728b) (PreviewImporter) -> (artifact id: '924a60e38706f250439e11e879c6d89b') in 0.0174143 seconds
Number of updated asset objects reloaded before import = 0Number of asset objects unloaded after import = 9

========================================================================
Received Import Request.
  Time since last request: 11.709712 seconds.
  path: Assets/Prefabs/carro3.prefab
  artifactKey: Guid(1eb0d12002c2de2479fcf52dbfc9f2f0) Importer(815301076,1909f56bfc062723c751e8b465ee728b)
Start importing Assets/Prefabs/carro3.prefab using Guid(1eb0d12002c2de2479fcf52dbfc9f2f0) Importer(815301076,1909f56bfc062723c751e8b465ee728b) (PreviewImporter) -> (artifact id: 'a0066816dfa23b960c8af70a6bb2e9cf') in 0.0219804 seconds
Number of updated asset objects reloaded before import = 0Number of asset objects unloaded after import = 9

========================================================================
Received Import Request.
  Time since last request: 0.129091 seconds.
  path: Assets/Prefabs/carro3.prefab
  artifactKey: Guid(1eb0d12002c2de2479fcf52dbfc9f2f0) Importer(815301076,1909f56bfc062723c751e8b465ee728b)
Start importing Assets/Prefabs/carro3.prefab using Guid(1eb0d12002c2de2479fcf52dbfc9f2f0) Importer(815301076,1909f56bfc062723c751e8b465ee728b) (PreviewImporter) -> (artifact id: 'a22821cf8cfb900ff27ed84856acc5c1') in 0.019868 seconds
Number of updated asset objects reloaded before import = 0Number of asset objects unloaded after import = 9

========================================================================
Received Import Request.
  Time since last request: 0.145241 seconds.
  path: Assets/Prefabs/carro3.prefab
  artifactKey: Guid(1eb0d12002c2de2479fcf52dbfc9f2f0) Importer(815301076,1909f56bfc062723c751e8b465ee728b)
Start importing Assets/Prefabs/carro3.prefab using Guid(1eb0d12002c2de2479fcf52dbfc9f2f0) Importer(815301076,1909f56bfc062723c751e8b465ee728b) (PreviewImporter) -> (artifact id: 'f965f27c57b5bd05ab6492b0bec71baf') in 0.020456 seconds
Number of updated asset objects reloaded before import = 0Number of asset objects unloaded after import = 9

========================================================================
Received Import Request.
  Time since last request: 6.650769 seconds.
  path: Assets/Prefabs/carro4.prefab
  artifactKey: Guid(19c015bac0b3aa94190b32d1ea298602) Importer(815301076,1909f56bfc062723c751e8b465ee728b)
Start importing Assets/Prefabs/carro4.prefab using Guid(19c015bac0b3aa94190b32d1ea298602) Importer(815301076,1909f56bfc062723c751e8b465ee728b) (PreviewImporter) -> (artifact id: 'bd197b917af0f1cd758db1da8013efde') in 0.0259411 seconds
Number of updated asset objects reloaded before import = 0Number of asset objects unloaded after import = 9

========================================================================
Received Import Request.
  Time since last request: 0.128041 seconds.
  path: Assets/Prefabs/carro4.prefab
  artifactKey: Guid(19c015bac0b3aa94190b32d1ea298602) Importer(815301076,1909f56bfc062723c751e8b465ee728b)
Start importing Assets/Prefabs/carro4.prefab using Guid(19c015bac0b3aa94190b32d1ea298602) Importer(815301076,1909f56bfc062723c751e8b465ee728b) (PreviewImporter) -> (artifact id: 'ce3f4e2b53d22643b155b0c02f991a4f') in 0.0190972 seconds
Number of updated asset objects reloaded before import = 0Number of asset objects unloaded after import = 9

========================================================================
Received Import Request.
  Time since last request: 0.147225 seconds.
  path: Assets/Prefabs/carro4.prefab
  artifactKey: Guid(19c015bac0b3aa94190b32d1ea298602) Importer(815301076,1909f56bfc062723c751e8b465ee728b)
Start importing Assets/Prefabs/carro4.prefab using Guid(19c015bac0b3aa94190b32d1ea298602) Importer(815301076,1909f56bfc062723c751e8b465ee728b) (PreviewImporter) -> (artifact id: 'f82fef17cb5b1bfa5000ec1a91a12d8e') in 0.0195146 seconds
Number of updated asset objects reloaded before import = 0Number of asset objects unloaded after import = 9

========================================================================
Received Import Request.
  Time since last request: 5.413557 seconds.
  path: Assets/Prefabs/carro5.prefab
  artifactKey: Guid(70ff5870fd9be7446b2f1f75534fdaa9) Importer(815301076,1909f56bfc062723c751e8b465ee728b)
Start importing Assets/Prefabs/carro5.prefab using Guid(70ff5870fd9be7446b2f1f75534fdaa9) Importer(815301076,1909f56bfc062723c751e8b465ee728b) (PreviewImporter) -> (artifact id: 'b593f9e27488372c6134669e3cd85d7f') in 0.0234381 seconds
Number of updated asset objects reloaded before import = 0Number of asset objects unloaded after import = 9

========================================================================
Received Import Request.
  Time since last request: 0.128373 seconds.
  path: Assets/Prefabs/carro5.prefab
  artifactKey: Guid(70ff5870fd9be7446b2f1f75534fdaa9) Importer(815301076,1909f56bfc062723c751e8b465ee728b)
Start importing Assets/Prefabs/carro5.prefab using Guid(70ff5870fd9be7446b2f1f75534fdaa9) Importer(815301076,1909f56bfc062723c751e8b465ee728b) (PreviewImporter) -> (artifact id: 'd5cb8ea2283f0a4638e49622d465cc5b') in 0.0229587 seconds
Number of updated asset objects reloaded before import = 0Number of asset objects unloaded after import = 9

========================================================================
Received Import Request.
  Time since last request: 0.151879 seconds.
  path: Assets/Prefabs/carro5.prefab
  artifactKey: Guid(70ff5870fd9be7446b2f1f75534fdaa9) Importer(815301076,1909f56bfc062723c751e8b465ee728b)
Start importing Assets/Prefabs/carro5.prefab using Guid(70ff5870fd9be7446b2f1f75534fdaa9) Importer(815301076,1909f56bfc062723c751e8b465ee728b) (PreviewImporter) -> (artifact id: '3079791a9f6303fb1282a97951e0e824') in 0.0123076 seconds
Number of updated asset objects reloaded before import = 0Number of asset objects unloaded after import = 9

========================================================================
Received Import Request.
  Time since last request: 7.045801 seconds.
  path: Assets/Prefabs/carro6.prefab
  artifactKey: Guid(233f750eaf21a5d40a610f1917895a25) Importer(815301076,1909f56bfc062723c751e8b465ee728b)
Start importing Assets/Prefabs/carro6.prefab using Guid(233f750eaf21a5d40a610f1917895a25) Importer(815301076,1909f56bfc062723c751e8b465ee728b) (PreviewImporter) -> (artifact id: '82caf33421878f483b2ac2c48a7842f6') in 0.0275802 seconds
Number of updated asset objects reloaded before import = 0Number of asset objects unloaded after import = 9

========================================================================
Received Import Request.
  Time since last request: 0.118556 seconds.
  path: Assets/Prefabs/carro6.prefab
  artifactKey: Guid(233f750eaf21a5d40a610f1917895a25) Importer(815301076,1909f56bfc062723c751e8b465ee728b)
Start importing Assets/Prefabs/carro6.prefab using Guid(233f750eaf21a5d40a610f1917895a25) Importer(815301076,1909f56bfc062723c751e8b465ee728b) (PreviewImporter) -> (artifact id: '11b1f0140e6ad6083355c63c17ec6693') in 0.0278833 seconds
Number of updated asset objects reloaded before import = 0Number of asset objects unloaded after import = 9

========================================================================
Received Prepare
Begin MonoManager ReloadAssembly
- Loaded All Assemblies, in  0.652 seconds
Refreshing native plugins compatible for Editor in 1.76 ms, found 4 plugins.
Native extension for WindowsStandalone target not found
Mono: successfully reloaded assembly
- Finished resetting the current domain, in  0.694 seconds
Domain Reload Profiling: 1344ms
	BeginReloadAssembly (194ms)
		ExecutionOrderSort (0ms)
		DisableScriptedObjects (22ms)
		BackupInstance (0ms)
		ReleaseScriptingObjects (0ms)
		CreateAndSetChildDomain (49ms)
	RebuildCommonClasses (28ms)
	RebuildNativeTypeToScriptingClass (10ms)
	initialDomainReloadingComplete (25ms)
	LoadAllAssembliesAndSetupDomain (392ms)
		LoadAssemblies (319ms)
		RebuildTransferFunctionScriptingTraits (0ms)
		AnalyzeDomain (155ms)
			TypeCache.Refresh (6ms)
				TypeCache.ScanAssembly (0ms)
			BuildScriptInfoCaches (137ms)
			ResolveRequiredComponents (8ms)
	FinalizeReload (694ms)
		ReleaseScriptCaches (0ms)
		RebuildScriptCaches (0ms)
		SetupLoadedEditorAssemblies (525ms)
			LogAssemblyErrors (0ms)
			InitializePlatformSupportModulesInManaged (1ms)
			SetLoadedEditorAssemblies (5ms)
			BeforeProcessingInitializeOnLoad (108ms)
			ProcessInitializeOnLoadAttributes (337ms)
			ProcessInitializeOnLoadMethodAttributes (67ms)
			AfterProcessingInitializeOnLoad (6ms)
			EditorAssembliesLoaded (0ms)
		ExecutionOrderSort2 (0ms)
		AwakeInstancesAfterBackupRestoration (15ms)
Refreshing native plugins compatible for Editor in 2.01 ms, found 4 plugins.
Preloading 0 native plugins for Editor in 0.00 ms.
Unloading 36 Unused Serialized files (Serialized files now loaded: 0)
Unloading 6735 unused Assets / (7.8 MB). Loaded Objects now: 7480.
Memory consumption went from 159.8 MB to 152.0 MB.
Total: 10.745400 ms (FindLiveObjects: 0.721400 ms CreateObjectMapping: 0.755900 ms MarkObjects: 4.907400 ms  DeleteObjects: 4.359800 ms)

Prepare: number of updated asset objects reloaded= 0
========================================================================
Received Import Request.
  Time since last request: 26.690734 seconds.
  path: Assets/Scenes
  artifactKey: Guid(109e9bdd0fcc649c5bc59085c35bdc83) Importer(815301076,1909f56bfc062723c751e8b465ee728b)
Start importing Assets/Scenes using Guid(109e9bdd0fcc649c5bc59085c35bdc83) Importer(815301076,1909f56bfc062723c751e8b465ee728b) (PreviewImporter) -> (artifact id: 'afdff4c3a2fdaa6f8b2ca806ac4aa93d') in 0.0032429 seconds
Number of updated asset objects reloaded before import = 0Number of asset objects unloaded after import = 0

========================================================================
Received Prepare
Begin MonoManager ReloadAssembly
- Loaded All Assemblies, in  0.631 seconds
Refreshing native plugins compatible for Editor in 2.23 ms, found 4 plugins.
Native extension for WindowsStandalone target not found
Mono: successfully reloaded assembly
- Finished resetting the current domain, in  0.623 seconds
Domain Reload Profiling: 1253ms
	BeginReloadAssembly (173ms)
		ExecutionOrderSort (0ms)
		DisableScriptedObjects (11ms)
		BackupInstance (0ms)
		ReleaseScriptingObjects (0ms)
		CreateAndSetChildDomain (40ms)
	RebuildCommonClasses (27ms)
	RebuildNativeTypeToScriptingClass (9ms)
	initialDomainReloadingComplete (25ms)
	LoadAllAssembliesAndSetupDomain (396ms)
		LoadAssemblies (311ms)
		RebuildTransferFunctionScriptingTraits (0ms)
		AnalyzeDomain (166ms)
			TypeCache.Refresh (7ms)
				TypeCache.ScanAssembly (0ms)
			BuildScriptInfoCaches (147ms)
			ResolveRequiredComponents (9ms)
	FinalizeReload (623ms)
		ReleaseScriptCaches (0ms)
		RebuildScriptCaches (0ms)
		SetupLoadedEditorAssemblies (461ms)
			LogAssemblyErrors (0ms)
			InitializePlatformSupportModulesInManaged (1ms)
			SetLoadedEditorAssemblies (5ms)
			BeforeProcessingInitializeOnLoad (102ms)
			ProcessInitializeOnLoadAttributes (287ms)
			ProcessInitializeOnLoadMethodAttributes (59ms)
			AfterProcessingInitializeOnLoad (6ms)
			EditorAssembliesLoaded (0ms)
		ExecutionOrderSort2 (0ms)
		AwakeInstancesAfterBackupRestoration (14ms)
Refreshing native plugins compatible for Editor in 2.15 ms, found 4 plugins.
Preloading 0 native plugins for Editor in 0.00 ms.
Unloading 36 Unused Serialized files (Serialized files now loaded: 0)
Unloading 6735 unused Assets / (8.0 MB). Loaded Objects now: 7482.
Memory consumption went from 159.5 MB to 151.5 MB.
Total: 10.715600 ms (FindLiveObjects: 0.676300 ms CreateObjectMapping: 0.551800 ms MarkObjects: 4.754800 ms  DeleteObjects: 4.731500 ms)

Prepare: number of updated asset objects reloaded= 0
========================================================================
Received Prepare
Begin MonoManager ReloadAssembly
- Loaded All Assemblies, in  0.620 seconds
Refreshing native plugins compatible for Editor in 1.53 ms, found 4 plugins.
Native extension for WindowsStandalone target not found
Mono: successfully reloaded assembly
- Finished resetting the current domain, in  0.635 seconds
Domain Reload Profiling: 1252ms
	BeginReloadAssembly (172ms)
		ExecutionOrderSort (0ms)
		DisableScriptedObjects (13ms)
		BackupInstance (0ms)
		ReleaseScriptingObjects (0ms)
		CreateAndSetChildDomain (39ms)
	RebuildCommonClasses (27ms)
	RebuildNativeTypeToScriptingClass (9ms)
	initialDomainReloadingComplete (24ms)
	LoadAllAssembliesAndSetupDomain (385ms)
		LoadAssemblies (300ms)
		RebuildTransferFunctionScriptingTraits (0ms)
		AnalyzeDomain (164ms)
			TypeCache.Refresh (7ms)
				TypeCache.ScanAssembly (0ms)
			BuildScriptInfoCaches (145ms)
			ResolveRequiredComponents (8ms)
	FinalizeReload (635ms)
		ReleaseScriptCaches (0ms)
		RebuildScriptCaches (0ms)
		SetupLoadedEditorAssemblies (471ms)
			LogAssemblyErrors (0ms)
			InitializePlatformSupportModulesInManaged (2ms)
			SetLoadedEditorAssemblies (5ms)
			BeforeProcessingInitializeOnLoad (100ms)
			ProcessInitializeOnLoadAttributes (292ms)
			ProcessInitializeOnLoadMethodAttributes (66ms)
			AfterProcessingInitializeOnLoad (6ms)
			EditorAssembliesLoaded (0ms)
		ExecutionOrderSort2 (0ms)
		AwakeInstancesAfterBackupRestoration (14ms)
Refreshing native plugins compatible for Editor in 1.93 ms, found 4 plugins.
Preloading 0 native plugins for Editor in 0.00 ms.
Unloading 36 Unused Serialized files (Serialized files now loaded: 0)
Unloading 6735 unused Assets / (7.0 MB). Loaded Objects now: 7484.
Memory consumption went from 161.0 MB to 154.0 MB.
Total: 9.675000 ms (FindLiveObjects: 0.623700 ms CreateObjectMapping: 0.620600 ms MarkObjects: 4.688000 ms  DeleteObjects: 3.741200 ms)

Prepare: number of updated asset objects reloaded= 0
========================================================================
Received Prepare
Begin MonoManager ReloadAssembly
- Loaded All Assemblies, in  0.624 seconds
Refreshing native plugins compatible for Editor in 1.65 ms, found 4 plugins.
Native extension for WindowsStandalone target not found
Mono: successfully reloaded assembly
- Finished resetting the current domain, in  0.628 seconds
Domain Reload Profiling: 1250ms
	BeginReloadAssembly (173ms)
		ExecutionOrderSort (0ms)
		DisableScriptedObjects (12ms)
		BackupInstance (0ms)
		ReleaseScriptingObjects (0ms)
		CreateAndSetChildDomain (40ms)
	RebuildCommonClasses (27ms)
	RebuildNativeTypeToScriptingClass (10ms)
	initialDomainReloadingComplete (23ms)
	LoadAllAssembliesAndSetupDomain (389ms)
		LoadAssemblies (304ms)
		RebuildTransferFunctionScriptingTraits (0ms)
		AnalyzeDomain (164ms)
			TypeCache.Refresh (7ms)
				TypeCache.ScanAssembly (0ms)
			BuildScriptInfoCaches (145ms)
			ResolveRequiredComponents (9ms)
	FinalizeReload (628ms)
		ReleaseScriptCaches (0ms)
		RebuildScriptCaches (0ms)
		SetupLoadedEditorAssemblies (463ms)
			LogAssemblyErrors (0ms)
			InitializePlatformSupportModulesInManaged (2ms)
			SetLoadedEditorAssemblies (4ms)
			BeforeProcessingInitializeOnLoad (102ms)
			ProcessInitializeOnLoadAttributes (291ms)
			ProcessInitializeOnLoadMethodAttributes (57ms)
			AfterProcessingInitializeOnLoad (6ms)
			EditorAssembliesLoaded (0ms)
		ExecutionOrderSort2 (0ms)
		AwakeInstancesAfterBackupRestoration (16ms)
Refreshing native plugins compatible for Editor in 1.68 ms, found 4 plugins.
Preloading 0 native plugins for Editor in 0.00 ms.
Unloading 36 Unused Serialized files (Serialized files now loaded: 0)
Unloading 6735 unused Assets / (7.3 MB). Loaded Objects now: 7486.
Memory consumption went from 162.4 MB to 155.1 MB.
Total: 9.304600 ms (FindLiveObjects: 0.571400 ms CreateObjectMapping: 0.524100 ms MarkObjects: 4.608300 ms  DeleteObjects: 3.599300 ms)

Prepare: number of updated asset objects reloaded= 0
========================================================================
Received Import Request.
  Time since last request: 227.563130 seconds.
  path: Assets/Prefabs/catapulta01_0 (1).prefab
  artifactKey: Guid(df9d0e4d172292a4d872064043b8d757) Importer(815301076,1909f56bfc062723c751e8b465ee728b)
Start importing Assets/Prefabs/catapulta01_0 (1).prefab using Guid(df9d0e4d172292a4d872064043b8d757) Importer(815301076,1909f56bfc062723c751e8b465ee728b) (PreviewImporter) -> (artifact id: '1fde907ead7d43b0e6204bed9b25d46c') in 0.4188285 seconds
Number of updated asset objects reloaded before import = 0Number of asset objects unloaded after import = 24

========================================================================
Received Import Request.
  Time since last request: 4.610909 seconds.
  path: Assets/Prefabs/catapulta01_0 (1).prefab
  artifactKey: Guid(df9d0e4d172292a4d872064043b8d757) Importer(815301076,1909f56bfc062723c751e8b465ee728b)
Start importing Assets/Prefabs/catapulta01_0 (1).prefab using Guid(df9d0e4d172292a4d872064043b8d757) Importer(815301076,1909f56bfc062723c751e8b465ee728b) (PreviewImporter) -> (artifact id: '04df1864ab6941f5711d7d208167245e') in 0.0623406 seconds
Number of updated asset objects reloaded before import = 0Number of asset objects unloaded after import = 29

========================================================================
Received Prepare
Begin MonoManager ReloadAssembly
- Loaded All Assemblies, in  0.622 seconds
Refreshing native plugins compatible for Editor in 1.45 ms, found 4 plugins.
Native extension for WindowsStandalone target not found
Mono: successfully reloaded assembly
- Finished resetting the current domain, in  0.634 seconds
Domain Reload Profiling: 1255ms
	BeginReloadAssembly (184ms)
		ExecutionOrderSort (0ms)
		DisableScriptedObjects (21ms)
		BackupInstance (0ms)
		ReleaseScriptingObjects (0ms)
		CreateAndSetChildDomain (48ms)
	RebuildCommonClasses (27ms)
	RebuildNativeTypeToScriptingClass (9ms)
	initialDomainReloadingComplete (23ms)
	LoadAllAssembliesAndSetupDomain (378ms)
		LoadAssemblies (293ms)
		RebuildTransferFunctionScriptingTraits (0ms)
		AnalyzeDomain (160ms)
			TypeCache.Refresh (7ms)
				TypeCache.ScanAssembly (0ms)
			BuildScriptInfoCaches (141ms)
			ResolveRequiredComponents (9ms)
	FinalizeReload (634ms)
		ReleaseScriptCaches (0ms)
		RebuildScriptCaches (0ms)
		SetupLoadedEditorAssemblies (471ms)
			LogAssemblyErrors (0ms)
			InitializePlatformSupportModulesInManaged (2ms)
			SetLoadedEditorAssemblies (5ms)
			BeforeProcessingInitializeOnLoad (101ms)
			ProcessInitializeOnLoadAttributes (300ms)
			ProcessInitializeOnLoadMethodAttributes (56ms)
			AfterProcessingInitializeOnLoad (6ms)
			EditorAssembliesLoaded (0ms)
		ExecutionOrderSort2 (0ms)
		AwakeInstancesAfterBackupRestoration (13ms)
Refreshing native plugins compatible for Editor in 2.27 ms, found 4 plugins.
Preloading 0 native plugins for Editor in 0.00 ms.
Unloading 36 Unused Serialized files (Serialized files now loaded: 0)
Unloading 6735 unused Assets / (7.3 MB). Loaded Objects now: 7510.
Memory consumption went from 161.4 MB to 154.1 MB.
Total: 10.180500 ms (FindLiveObjects: 0.803000 ms CreateObjectMapping: 0.802100 ms MarkObjects: 4.551000 ms  DeleteObjects: 4.023400 ms)

Prepare: number of updated asset objects reloaded= 0
========================================================================
Received Prepare
Begin MonoManager ReloadAssembly
- Loaded All Assemblies, in  0.609 seconds
Refreshing native plugins compatible for Editor in 1.81 ms, found 4 plugins.
Native extension for WindowsStandalone target not found
Mono: successfully reloaded assembly
- Finished resetting the current domain, in  0.630 seconds
Domain Reload Profiling: 1237ms
	BeginReloadAssembly (167ms)
		ExecutionOrderSort (0ms)
		DisableScriptedObjects (11ms)
		BackupInstance (0ms)
		ReleaseScriptingObjects (0ms)
		CreateAndSetChildDomain (40ms)
	RebuildCommonClasses (26ms)
	RebuildNativeTypeToScriptingClass (9ms)
	initialDomainReloadingComplete (24ms)
	LoadAllAssembliesAndSetupDomain (380ms)
		LoadAssemblies (295ms)
		RebuildTransferFunctionScriptingTraits (0ms)
		AnalyzeDomain (160ms)
			TypeCache.Refresh (6ms)
				TypeCache.ScanAssembly (0ms)
			BuildScriptInfoCaches (142ms)
			ResolveRequiredComponents (9ms)
	FinalizeReload (631ms)
		ReleaseScriptCaches (0ms)
		RebuildScriptCaches (0ms)
		SetupLoadedEditorAssemblies (466ms)
			LogAssemblyErrors (0ms)
			InitializePlatformSupportModulesInManaged (1ms)
			SetLoadedEditorAssemblies (5ms)
			BeforeProcessingInitializeOnLoad (99ms)
			ProcessInitializeOnLoadAttributes (299ms)
			ProcessInitializeOnLoadMethodAttributes (56ms)
			AfterProcessingInitializeOnLoad (5ms)
			EditorAssembliesLoaded (0ms)
		ExecutionOrderSort2 (0ms)
		AwakeInstancesAfterBackupRestoration (14ms)
Refreshing native plugins compatible for Editor in 1.98 ms, found 4 plugins.
Preloading 0 native plugins for Editor in 0.00 ms.
Unloading 36 Unused Serialized files (Serialized files now loaded: 0)
Unloading 6735 unused Assets / (7.3 MB). Loaded Objects now: 7512.
Memory consumption went from 162.6 MB to 155.3 MB.
Total: 9.192100 ms (FindLiveObjects: 0.757700 ms CreateObjectMapping: 0.552300 ms MarkObjects: 4.487500 ms  DeleteObjects: 3.393600 ms)

Prepare: number of updated asset objects reloaded= 0
========================================================================
Received Prepare
Begin MonoManager ReloadAssembly
- Loaded All Assemblies, in  0.639 seconds
Refreshing native plugins compatible for Editor in 2.47 ms, found 4 plugins.
Native extension for WindowsStandalone target not found
Mono: successfully reloaded assembly
- Finished resetting the current domain, in  0.660 seconds
Domain Reload Profiling: 1297ms
	BeginReloadAssembly (176ms)
		ExecutionOrderSort (0ms)
		DisableScriptedObjects (14ms)
		BackupInstance (0ms)
		ReleaseScriptingObjects (0ms)
		CreateAndSetChildDomain (43ms)
	RebuildCommonClasses (29ms)
	RebuildNativeTypeToScriptingClass (10ms)
	initialDomainReloadingComplete (25ms)
	LoadAllAssembliesAndSetupDomain (397ms)
		LoadAssemblies (316ms)
		RebuildTransferFunctionScriptingTraits (0ms)
		AnalyzeDomain (159ms)
			TypeCache.Refresh (6ms)
				TypeCache.ScanAssembly (0ms)
			BuildScriptInfoCaches (142ms)
			ResolveRequiredComponents (8ms)
	FinalizeReload (660ms)
		ReleaseScriptCaches (0ms)
		RebuildScriptCaches (0ms)
		SetupLoadedEditorAssemblies (491ms)
			LogAssemblyErrors (0ms)
			InitializePlatformSupportModulesInManaged (1ms)
			SetLoadedEditorAssemblies (5ms)
			BeforeProcessingInitializeOnLoad (104ms)
			ProcessInitializeOnLoadAttributes (314ms)
			ProcessInitializeOnLoadMethodAttributes (59ms)
			AfterProcessingInitializeOnLoad (6ms)
			EditorAssembliesLoaded (0ms)
		ExecutionOrderSort2 (0ms)
		AwakeInstancesAfterBackupRestoration (14ms)
Refreshing native plugins compatible for Editor in 1.81 ms, found 4 plugins.
Preloading 0 native plugins for Editor in 0.00 ms.
Unloading 36 Unused Serialized files (Serialized files now loaded: 0)
Unloading 6735 unused Assets / (7.2 MB). Loaded Objects now: 7514.
Memory consumption went from 163.9 MB to 156.7 MB.
Total: 9.109800 ms (FindLiveObjects: 0.650900 ms CreateObjectMapping: 0.531000 ms MarkObjects: 4.284000 ms  DeleteObjects: 3.642700 ms)

Prepare: number of updated asset objects reloaded= 0
========================================================================
Received Import Request.
  Time since last request: 491.689622 seconds.
  path: Assets/Sprites/weapons/catapultaSandia/catapulta01_0.controller
  artifactKey: Guid(4befa27ab1dfe7944a8aa17045d2bbac) Importer(815301076,1909f56bfc062723c751e8b465ee728b)
Start importing Assets/Sprites/weapons/catapultaSandia/catapulta01_0.controller using Guid(4befa27ab1dfe7944a8aa17045d2bbac) Importer(815301076,1909f56bfc062723c751e8b465ee728b) (PreviewImporter) -> (artifact id: 'd9e794050b1c8bd68572520869d410db') in 0.026146 seconds
Number of updated asset objects reloaded before import = 0Number of asset objects unloaded after import = 4

========================================================================
Received Prepare
Begin MonoManager ReloadAssembly
- Loaded All Assemblies, in  0.639 seconds
Refreshing native plugins compatible for Editor in 1.49 ms, found 4 plugins.
Native extension for WindowsStandalone target not found
Mono: successfully reloaded assembly
- Finished resetting the current domain, in  0.653 seconds
Domain Reload Profiling: 1290ms
	BeginReloadAssembly (180ms)
		ExecutionOrderSort (0ms)
		DisableScriptedObjects (12ms)
		BackupInstance (0ms)
		ReleaseScriptingObjects (0ms)
		CreateAndSetChildDomain (43ms)
	RebuildCommonClasses (27ms)
	RebuildNativeTypeToScriptingClass (10ms)
	initialDomainReloadingComplete (25ms)
	LoadAllAssembliesAndSetupDomain (394ms)
		LoadAssemblies (318ms)
		RebuildTransferFunctionScriptingTraits (0ms)
		AnalyzeDomain (160ms)
			TypeCache.Refresh (7ms)
				TypeCache.ScanAssembly (0ms)
			BuildScriptInfoCaches (139ms)
			ResolveRequiredComponents (9ms)
	FinalizeReload (654ms)
		ReleaseScriptCaches (0ms)
		RebuildScriptCaches (0ms)
		SetupLoadedEditorAssemblies (481ms)
			LogAssemblyErrors (0ms)
			InitializePlatformSupportModulesInManaged (2ms)
			SetLoadedEditorAssemblies (5ms)
			BeforeProcessingInitializeOnLoad (107ms)
			ProcessInitializeOnLoadAttributes (307ms)
			ProcessInitializeOnLoadMethodAttributes (56ms)
			AfterProcessingInitializeOnLoad (5ms)
			EditorAssembliesLoaded (0ms)
		ExecutionOrderSort2 (0ms)
		AwakeInstancesAfterBackupRestoration (14ms)
Refreshing native plugins compatible for Editor in 1.76 ms, found 4 plugins.
Preloading 0 native plugins for Editor in 0.00 ms.
Unloading 36 Unused Serialized files (Serialized files now loaded: 0)
Unloading 6735 unused Assets / (7.1 MB). Loaded Objects now: 7516.
Memory consumption went from 161.2 MB to 154.1 MB.
Total: 9.111600 ms (FindLiveObjects: 0.583700 ms CreateObjectMapping: 0.510200 ms MarkObjects: 4.806100 ms  DeleteObjects: 3.210400 ms)

Prepare: number of updated asset objects reloaded= 0
========================================================================
Received Import Request.
  Time since last request: 163.019924 seconds.
  path: Assets/Sprites/weapons/catapultaSandia/static.anim
  artifactKey: Guid(7e232bb2a9ebc6446bd06e8d14bde056) Importer(815301076,1909f56bfc062723c751e8b465ee728b)
Start importing Assets/Sprites/weapons/catapultaSandia/static.anim using Guid(7e232bb2a9ebc6446bd06e8d14bde056) Importer(815301076,1909f56bfc062723c751e8b465ee728b) (PreviewImporter) -> (artifact id: 'cf8dfa8ee68f8e39f9d02fc683bfea74') in 0.0203165 seconds
Number of updated asset objects reloaded before import = 0Number of asset objects unloaded after import = 1

========================================================================
Received Import Request.
  Time since last request: 172.330482 seconds.
  path: Assets/Sprites/weapons/catapultaSandia/catapulta01 1.png
  artifactKey: Guid(59f38eec0435de147aed60e28aa204c2) Importer(815301076,1909f56bfc062723c751e8b465ee728b)
Start importing Assets/Sprites/weapons/catapultaSandia/catapulta01 1.png using Guid(59f38eec0435de147aed60e28aa204c2) Importer(815301076,1909f56bfc062723c751e8b465ee728b) (PreviewImporter) -> (artifact id: '0f3b223dbcaff349dcee40fdda1a95f9') in 0.0822125 seconds
Number of updated asset objects reloaded before import = 0Number of asset objects unloaded after import = 4

========================================================================
Received Import Request.
  Time since last request: 22.900903 seconds.
  path: Assets/Sprites/weapons/catapultaSandia/catapulta01_0 1.controller
  artifactKey: Guid(c640692543d8e594a992aec67b0f8bbf) Importer(815301076,1909f56bfc062723c751e8b465ee728b)
Start importing Assets/Sprites/weapons/catapultaSandia/catapulta01_0 1.controller using Guid(c640692543d8e594a992aec67b0f8bbf) Importer(815301076,1909f56bfc062723c751e8b465ee728b) (PreviewImporter) -> (artifact id: '7efeb01088cbec2def527257165e23cf') in 0.0023726 seconds
Number of updated asset objects reloaded before import = 0Number of asset objects unloaded after import = 1

========================================================================
Received Import Request.
  Time since last request: 2.517821 seconds.
  path: Assets/Sprites/weapons/catapultaSandia/catapulta01_0.controller
  artifactKey: Guid(4befa27ab1dfe7944a8aa17045d2bbac) Importer(815301076,1909f56bfc062723c751e8b465ee728b)
Start importing Assets/Sprites/weapons/catapultaSandia/catapulta01_0.controller using Guid(4befa27ab1dfe7944a8aa17045d2bbac) Importer(815301076,1909f56bfc062723c751e8b465ee728b) (PreviewImporter) -> (artifact id: '254e337036b4dd11778121e33b052ad0') in 0.0020822 seconds
Number of updated asset objects reloaded before import = 0Number of asset objects unloaded after import = 7

========================================================================
Received Import Request.
  Time since last request: 7.061800 seconds.
  path: Assets/Sprites/weapons/catapultaSandia/catapultaSandia.anim
  artifactKey: Guid(6102b60874e6ec846821891eedeb9e6d) Importer(815301076,1909f56bfc062723c751e8b465ee728b)
Start importing Assets/Sprites/weapons/catapultaSandia/catapultaSandia.anim using Guid(6102b60874e6ec846821891eedeb9e6d) Importer(815301076,1909f56bfc062723c751e8b465ee728b) (PreviewImporter) -> (artifact id: 'da9d056d66eb48630f9287872748c0bc') in 0.0014025 seconds
Number of updated asset objects reloaded before import = 0Number of asset objects unloaded after import = 1

========================================================================
Received Import Request.
  Time since last request: 23.134530 seconds.
  path: Assets/Sprites/weapons/catapultaSandia/staticCatapulta.anim
  artifactKey: Guid(bc186870f60a8f040aa6db7ac382aec8) Importer(815301076,1909f56bfc062723c751e8b465ee728b)
Start importing Assets/Sprites/weapons/catapultaSandia/staticCatapulta.anim using Guid(bc186870f60a8f040aa6db7ac382aec8) Importer(815301076,1909f56bfc062723c751e8b465ee728b) (PreviewImporter) -> (artifact id: '4cb079d0d2a404a53bc265776d660cb8') in 0.0012602 seconds
Number of updated asset objects reloaded before import = 0Number of asset objects unloaded after import = 1

========================================================================
Received Prepare
Begin MonoManager ReloadAssembly
- Loaded All Assemblies, in  0.625 seconds
Refreshing native plugins compatible for Editor in 1.82 ms, found 4 plugins.
Native extension for WindowsStandalone target not found
Mono: successfully reloaded assembly
- Finished resetting the current domain, in  0.658 seconds
Domain Reload Profiling: 1281ms
	BeginReloadAssembly (175ms)
		ExecutionOrderSort (0ms)
		DisableScriptedObjects (11ms)
		BackupInstance (0ms)
		ReleaseScriptingObjects (0ms)
		CreateAndSetChildDomain (43ms)
	RebuildCommonClasses (26ms)
	RebuildNativeTypeToScriptingClass (10ms)
	initialDomainReloadingComplete (25ms)
	LoadAllAssembliesAndSetupDomain (386ms)
		LoadAssemblies (308ms)
		RebuildTransferFunctionScriptingTraits (0ms)
		AnalyzeDomain (158ms)
			TypeCache.Refresh (6ms)
				TypeCache.ScanAssembly (0ms)
			BuildScriptInfoCaches (140ms)
			ResolveRequiredComponents (9ms)
	FinalizeReload (658ms)
		ReleaseScriptCaches (0ms)
		RebuildScriptCaches (0ms)
		SetupLoadedEditorAssemblies (487ms)
			LogAssemblyErrors (0ms)
			InitializePlatformSupportModulesInManaged (2ms)
			SetLoadedEditorAssemblies (6ms)
			BeforeProcessingInitializeOnLoad (109ms)
			ProcessInitializeOnLoadAttributes (306ms)
			ProcessInitializeOnLoadMethodAttributes (60ms)
			AfterProcessingInitializeOnLoad (5ms)
			EditorAssembliesLoaded (0ms)
		ExecutionOrderSort2 (0ms)
		AwakeInstancesAfterBackupRestoration (14ms)
Refreshing native plugins compatible for Editor in 1.95 ms, found 4 plugins.
Preloading 0 native plugins for Editor in 0.00 ms.
Unloading 36 Unused Serialized files (Serialized files now loaded: 0)
Unloading 6735 unused Assets / (7.2 MB). Loaded Objects now: 7518.
Memory consumption went from 161.2 MB to 154.0 MB.
Total: 9.961200 ms (FindLiveObjects: 0.917600 ms CreateObjectMapping: 0.852200 ms MarkObjects: 4.539300 ms  DeleteObjects: 3.651100 ms)

Prepare: number of updated asset objects reloaded= 0
========================================================================
Received Prepare
Begin MonoManager ReloadAssembly
- Loaded All Assemblies, in  0.636 seconds
Refreshing native plugins compatible for Editor in 1.49 ms, found 4 plugins.
Native extension for WindowsStandalone target not found
Mono: successfully reloaded assembly
- Finished resetting the current domain, in  0.651 seconds
Domain Reload Profiling: 1285ms
	BeginReloadAssembly (175ms)
		ExecutionOrderSort (0ms)
		DisableScriptedObjects (11ms)
		BackupInstance (0ms)
		ReleaseScriptingObjects (0ms)
		CreateAndSetChildDomain (41ms)
	RebuildCommonClasses (29ms)
	RebuildNativeTypeToScriptingClass (10ms)
	initialDomainReloadingComplete (26ms)
	LoadAllAssembliesAndSetupDomain (393ms)
		LoadAssemblies (316ms)
		RebuildTransferFunctionScriptingTraits (0ms)
		AnalyzeDomain (159ms)
			TypeCache.Refresh (8ms)
				TypeCache.ScanAssembly (0ms)
			BuildScriptInfoCaches (139ms)
			ResolveRequiredComponents (8ms)
	FinalizeReload (651ms)
		ReleaseScriptCaches (0ms)
		RebuildScriptCaches (0ms)
		SetupLoadedEditorAssemblies (484ms)
			LogAssemblyErrors (0ms)
			InitializePlatformSupportModulesInManaged (2ms)
			SetLoadedEditorAssemblies (5ms)
			BeforeProcessingInitializeOnLoad (101ms)
			ProcessInitializeOnLoadAttributes (312ms)
			ProcessInitializeOnLoadMethodAttributes (59ms)
			AfterProcessingInitializeOnLoad (5ms)
			EditorAssembliesLoaded (0ms)
		ExecutionOrderSort2 (0ms)
		AwakeInstancesAfterBackupRestoration (14ms)
Refreshing native plugins compatible for Editor in 2.21 ms, found 4 plugins.
Preloading 0 native plugins for Editor in 0.00 ms.
Unloading 36 Unused Serialized files (Serialized files now loaded: 0)
Unloading 6735 unused Assets / (7.1 MB). Loaded Objects now: 7520.
Memory consumption went from 162.6 MB to 155.5 MB.
Total: 10.342000 ms (FindLiveObjects: 0.993400 ms CreateObjectMapping: 0.657900 ms MarkObjects: 4.564100 ms  DeleteObjects: 4.125200 ms)

Prepare: number of updated asset objects reloaded= 0
========================================================================
Received Prepare
Begin MonoManager ReloadAssembly
- Loaded All Assemblies, in  0.621 seconds
Refreshing native plugins compatible for Editor in 1.51 ms, found 4 plugins.
Native extension for WindowsStandalone target not found
Mono: successfully reloaded assembly
- Finished resetting the current domain, in  0.629 seconds
Domain Reload Profiling: 1248ms
	BeginReloadAssembly (170ms)
		ExecutionOrderSort (0ms)
		DisableScriptedObjects (11ms)
		BackupInstance (0ms)
		ReleaseScriptingObjects (0ms)
		CreateAndSetChildDomain (38ms)
	RebuildCommonClasses (28ms)
	RebuildNativeTypeToScriptingClass (9ms)
	initialDomainReloadingComplete (23ms)
	LoadAllAssembliesAndSetupDomain (388ms)
		LoadAssemblies (311ms)
		RebuildTransferFunctionScriptingTraits (0ms)
		AnalyzeDomain (158ms)
			TypeCache.Refresh (8ms)
				TypeCache.ScanAssembly (0ms)
			BuildScriptInfoCaches (138ms)
			ResolveRequiredComponents (8ms)
	FinalizeReload (630ms)
		ReleaseScriptCaches (0ms)
		RebuildScriptCaches (0ms)
		SetupLoadedEditorAssemblies (465ms)
			LogAssemblyErrors (0ms)
			InitializePlatformSupportModulesInManaged (1ms)
			SetLoadedEditorAssemblies (5ms)
			BeforeProcessingInitializeOnLoad (101ms)
			ProcessInitializeOnLoadAttributes (295ms)
			ProcessInitializeOnLoadMethodAttributes (58ms)
			AfterProcessingInitializeOnLoad (6ms)
			EditorAssembliesLoaded (0ms)
		ExecutionOrderSort2 (0ms)
		AwakeInstancesAfterBackupRestoration (15ms)
Refreshing native plugins compatible for Editor in 1.75 ms, found 4 plugins.
Preloading 0 native plugins for Editor in 0.00 ms.
Unloading 36 Unused Serialized files (Serialized files now loaded: 0)
Unloading 6735 unused Assets / (7.1 MB). Loaded Objects now: 7522.
Memory consumption went from 164.0 MB to 156.9 MB.
Total: 10.158400 ms (FindLiveObjects: 0.702700 ms CreateObjectMapping: 0.556600 ms MarkObjects: 4.798600 ms  DeleteObjects: 4.099500 ms)

Prepare: number of updated asset objects reloaded= 0
========================================================================
Received Prepare
Begin MonoManager ReloadAssembly
- Loaded All Assemblies, in  0.610 seconds
Refreshing native plugins compatible for Editor in 1.75 ms, found 4 plugins.
Native extension for WindowsStandalone target not found
Mono: successfully reloaded assembly
- Finished resetting the current domain, in  0.658 seconds
Domain Reload Profiling: 1266ms
	BeginReloadAssembly (167ms)
		ExecutionOrderSort (0ms)
		DisableScriptedObjects (12ms)
		BackupInstance (0ms)
		ReleaseScriptingObjects (0ms)
		CreateAndSetChildDomain (35ms)
	RebuildCommonClasses (28ms)
	RebuildNativeTypeToScriptingClass (9ms)
	initialDomainReloadingComplete (25ms)
	LoadAllAssembliesAndSetupDomain (378ms)
		LoadAssemblies (299ms)
		RebuildTransferFunctionScriptingTraits (0ms)
		AnalyzeDomain (157ms)
			TypeCache.Refresh (6ms)
				TypeCache.ScanAssembly (0ms)
			BuildScriptInfoCaches (139ms)
			ResolveRequiredComponents (9ms)
	FinalizeReload (659ms)
		ReleaseScriptCaches (0ms)
		RebuildScriptCaches (0ms)
		SetupLoadedEditorAssemblies (491ms)
			LogAssemblyErrors (0ms)
			InitializePlatformSupportModulesInManaged (2ms)
			SetLoadedEditorAssemblies (5ms)
			BeforeProcessingInitializeOnLoad (103ms)
			ProcessInitializeOnLoadAttributes (312ms)
			ProcessInitializeOnLoadMethodAttributes (62ms)
			AfterProcessingInitializeOnLoad (6ms)
			EditorAssembliesLoaded (0ms)
		ExecutionOrderSort2 (0ms)
		AwakeInstancesAfterBackupRestoration (14ms)
Refreshing native plugins compatible for Editor in 2.29 ms, found 4 plugins.
Preloading 0 native plugins for Editor in 0.00 ms.
Unloading 36 Unused Serialized files (Serialized files now loaded: 0)
Unloading 6735 unused Assets / (7.2 MB). Loaded Objects now: 7524.
Memory consumption went from 165.3 MB to 158.1 MB.
Total: 9.196300 ms (FindLiveObjects: 0.627900 ms CreateObjectMapping: 0.534700 ms MarkObjects: 4.388800 ms  DeleteObjects: 3.643900 ms)

Prepare: number of updated asset objects reloaded= 0
========================================================================
Received Import Request.
  Time since last request: 471.681226 seconds.
  path: Assets/Prefabs/catapulta01_0 (1).prefab
  artifactKey: Guid(df9d0e4d172292a4d872064043b8d757) Importer(815301076,1909f56bfc062723c751e8b465ee728b)
Start importing Assets/Prefabs/catapulta01_0 (1).prefab using Guid(df9d0e4d172292a4d872064043b8d757) Importer(815301076,1909f56bfc062723c751e8b465ee728b) (PreviewImporter) -> (artifact id: '78fe9fe0862024fbe1278d2d9120261b') in 0.4435081 seconds
Number of updated asset objects reloaded before import = 0Number of asset objects unloaded after import = 33

========================================================================
Received Prepare
Begin MonoManager ReloadAssembly
- Loaded All Assemblies, in  0.629 seconds
Refreshing native plugins compatible for Editor in 2.24 ms, found 4 plugins.
Native extension for WindowsStandalone target not found
Mono: successfully reloaded assembly
- Finished resetting the current domain, in  0.666 seconds
Domain Reload Profiling: 1293ms
	BeginReloadAssembly (178ms)
		ExecutionOrderSort (0ms)
		DisableScriptedObjects (21ms)
		BackupInstance (0ms)
		ReleaseScriptingObjects (0ms)
		CreateAndSetChildDomain (43ms)
	RebuildCommonClasses (27ms)
	RebuildNativeTypeToScriptingClass (9ms)
	initialDomainReloadingComplete (25ms)
	LoadAllAssembliesAndSetupDomain (387ms)
		LoadAssemblies (302ms)
		RebuildTransferFunctionScriptingTraits (0ms)
		AnalyzeDomain (159ms)
			TypeCache.Refresh (7ms)
				TypeCache.ScanAssembly (0ms)
			BuildScriptInfoCaches (140ms)
			ResolveRequiredComponents (8ms)
	FinalizeReload (666ms)
		ReleaseScriptCaches (0ms)
		RebuildScriptCaches (0ms)
		SetupLoadedEditorAssemblies (499ms)
			LogAssemblyErrors (0ms)
			InitializePlatformSupportModulesInManaged (2ms)
			SetLoadedEditorAssemblies (5ms)
			BeforeProcessingInitializeOnLoad (105ms)
			ProcessInitializeOnLoadAttributes (321ms)
			ProcessInitializeOnLoadMethodAttributes (60ms)
			AfterProcessingInitializeOnLoad (5ms)
			EditorAssembliesLoaded (0ms)
		ExecutionOrderSort2 (0ms)
		AwakeInstancesAfterBackupRestoration (14ms)
Refreshing native plugins compatible for Editor in 2.29 ms, found 4 plugins.
Preloading 0 native plugins for Editor in 0.00 ms.
Unloading 36 Unused Serialized files (Serialized files now loaded: 0)
Unloading 6735 unused Assets / (7.1 MB). Loaded Objects now: 7548.
Memory consumption went from 163.0 MB to 155.9 MB.
Total: 9.332300 ms (FindLiveObjects: 0.681200 ms CreateObjectMapping: 0.546700 ms MarkObjects: 4.414500 ms  DeleteObjects: 3.688700 ms)

Prepare: number of updated asset objects reloaded= 0
========================================================================
Received Import Request.
  Time since last request: 472.244846 seconds.
  path: Assets/Sprites/weapons/catapultaSandia/catapultaSandiaController.controller
  artifactKey: Guid(4befa27ab1dfe7944a8aa17045d2bbac) Importer(815301076,1909f56bfc062723c751e8b465ee728b)
Start importing Assets/Sprites/weapons/catapultaSandia/catapultaSandiaController.controller using Guid(4befa27ab1dfe7944a8aa17045d2bbac) Importer(815301076,1909f56bfc062723c751e8b465ee728b) (PreviewImporter) -> (artifact id: 'd01406286067b3fa8698ee906553db63') in 0.0231464 seconds
Number of updated asset objects reloaded before import = 0Number of asset objects unloaded after import = 5

========================================================================
Received Import Request.
  Time since last request: 175.804741 seconds.
  path: Assets/Prefabs/catapulta01_0 (1).prefab
  artifactKey: Guid(df9d0e4d172292a4d872064043b8d757) Importer(815301076,1909f56bfc062723c751e8b465ee728b)
Start importing Assets/Prefabs/catapulta01_0 (1).prefab using Guid(df9d0e4d172292a4d872064043b8d757) Importer(815301076,1909f56bfc062723c751e8b465ee728b) (PreviewImporter) -> (artifact id: 'b8d28da2e41bfb7ddb9a8129d56fec37') in 0.4168534 seconds
Number of updated asset objects reloaded before import = 0Number of asset objects unloaded after import = 31

========================================================================
Received Import Request.
  Time since last request: 42.329316 seconds.
  path: Assets/Sprites/weapons/catapultaSandia/catapulta06_0.prefab
  artifactKey: Guid(4c5eed3da7e8f9246919ec337e6ab075) Importer(815301076,1909f56bfc062723c751e8b465ee728b)
Start importing Assets/Sprites/weapons/catapultaSandia/catapulta06_0.prefab using Guid(4c5eed3da7e8f9246919ec337e6ab075) Importer(815301076,1909f56bfc062723c751e8b465ee728b) (PreviewImporter) -> (artifact id: 'd3467a35e17c3cca641c4b3c0b8b60db') in 0.0321776 seconds
Number of updated asset objects reloaded before import = 0Number of asset objects unloaded after import = 7

========================================================================
Received Import Request.
  Time since last request: 11.426918 seconds.
  path: Assets/Sprites/weapons/catapultaSandia/catapulta06_0.prefab
  artifactKey: Guid(4c5eed3da7e8f9246919ec337e6ab075) Importer(815301076,1909f56bfc062723c751e8b465ee728b)
Start importing Assets/Sprites/weapons/catapultaSandia/catapulta06_0.prefab using Guid(4c5eed3da7e8f9246919ec337e6ab075) Importer(815301076,1909f56bfc062723c751e8b465ee728b) (PreviewImporter) -> (artifact id: '67da75cc4e66e261999ce40a941d21f0') in 0.0029126 seconds
Number of updated asset objects reloaded before import = 0Number of asset objects unloaded after import = 5

========================================================================
Received Import Request.
  Time since last request: 15.571376 seconds.
  path: Assets/Sprites/weapons/catapultaSandia/catapulta06_0.prefab
  artifactKey: Guid(4c5eed3da7e8f9246919ec337e6ab075) Importer(815301076,1909f56bfc062723c751e8b465ee728b)
Start importing Assets/Sprites/weapons/catapultaSandia/catapulta06_0.prefab using Guid(4c5eed3da7e8f9246919ec337e6ab075) Importer(815301076,1909f56bfc062723c751e8b465ee728b) (PreviewImporter) -> (artifact id: '721d27c280b3d696a8722e035dbb04fe') in 0.0022088 seconds
Number of updated asset objects reloaded before import = 0Number of asset objects unloaded after import = 5

========================================================================
Received Import Request.
  Time since last request: 40.764337 seconds.
  path: Assets/Sprites/weapons/catapultaSandia/catapulta01 1.png
  artifactKey: Guid(59f38eec0435de147aed60e28aa204c2) Importer(815301076,1909f56bfc062723c751e8b465ee728b)
Start importing Assets/Sprites/weapons/catapultaSandia/catapulta01 1.png using Guid(59f38eec0435de147aed60e28aa204c2) Importer(815301076,1909f56bfc062723c751e8b465ee728b) (PreviewImporter) -> (artifact id: '3f468551b1319306ca0684344037df78') in 0.0588664 seconds
Number of updated asset objects reloaded before import = 0Number of asset objects unloaded after import = 4

========================================================================
Received Import Request.
  Time since last request: 0.000032 seconds.
  path: Assets/Sprites/weapons/catapultaSandia/catapulta05 1.png
  artifactKey: Guid(94bfc6dfdadf32b4db82a2c1e333dba5) Importer(815301076,1909f56bfc062723c751e8b465ee728b)
Start importing Assets/Sprites/weapons/catapultaSandia/catapulta05 1.png using Guid(94bfc6dfdadf32b4db82a2c1e333dba5) Importer(815301076,1909f56bfc062723c751e8b465ee728b) (PreviewImporter) -> (artifact id: '351b06eb276e32e6fa96ada4f80c9d8d') in 0.0364224 seconds
Number of updated asset objects reloaded before import = 0Number of asset objects unloaded after import = 6

========================================================================
Received Import Request.
  Time since last request: 0.000030 seconds.
  path: Assets/Sprites/weapons/catapultaSandia/catapulta03 1.png
  artifactKey: Guid(f4a8641628f3d7746b7a5cbe9fc788a4) Importer(815301076,1909f56bfc062723c751e8b465ee728b)
Start importing Assets/Sprites/weapons/catapultaSandia/catapulta03 1.png using Guid(f4a8641628f3d7746b7a5cbe9fc788a4) Importer(815301076,1909f56bfc062723c751e8b465ee728b) (PreviewImporter) -> (artifact id: '82ff77bc13d008e68ae1ff722f16bc26') in 0.0439535 seconds
Number of updated asset objects reloaded before import = 0Number of asset objects unloaded after import = 6

========================================================================
Received Import Request.
  Time since last request: 59.397691 seconds.
  path: Assets/Animations
  artifactKey: Guid(e731d6eb122236d40ac4244357219ede) Importer(815301076,1909f56bfc062723c751e8b465ee728b)
Start importing Assets/Animations using Guid(e731d6eb122236d40ac4244357219ede) Importer(815301076,1909f56bfc062723c751e8b465ee728b) (PreviewImporter) -> (artifact id: '9767901063980d3da12027ee7131c91c') in 0.0005619 seconds
Number of updated asset objects reloaded before import = 0Number of asset objects unloaded after import = 0

========================================================================
Received Import Request.
  Time since last request: 9.422636 seconds.
  path: Assets/Animations/catapultaSandia
  artifactKey: Guid(973c4dbea1642504e9aa6df38f231b3c) Importer(815301076,1909f56bfc062723c751e8b465ee728b)
Start importing Assets/Animations/catapultaSandia using Guid(973c4dbea1642504e9aa6df38f231b3c) Importer(815301076,1909f56bfc062723c751e8b465ee728b) (PreviewImporter) -> (artifact id: 'b2923a8feb0a2255c82392440e49f84c') in 0.0005057 seconds
Number of updated asset objects reloaded before import = 0Number of asset objects unloaded after import = 0

========================================================================
Received Import Request.
  Time since last request: 5.752100 seconds.
  path: Assets/Animations/catapultaSandia/catapulta01_0.prefab
  artifactKey: Guid(864c674939890b647b20622ce73d05d3) Importer(815301076,1909f56bfc062723c751e8b465ee728b)
Start importing Assets/Animations/catapultaSandia/catapulta01_0.prefab using Guid(864c674939890b647b20622ce73d05d3) Importer(815301076,1909f56bfc062723c751e8b465ee728b) (PreviewImporter) -> (artifact id: '5ab1ea6eb73628b2e2c93106101737a9') in 0.0362472 seconds
Number of updated asset objects reloaded before import = 0Number of asset objects unloaded after import = 7

========================================================================
Received Import Request.
  Time since last request: 9.260243 seconds.
  path: Assets/Animations/catapultaSandia/catapulta02_0.prefab
  artifactKey: Guid(078a85b317fbef14b934ff3724568f8f) Importer(815301076,1909f56bfc062723c751e8b465ee728b)
Start importing Assets/Animations/catapultaSandia/catapulta02_0.prefab using Guid(078a85b317fbef14b934ff3724568f8f) Importer(815301076,1909f56bfc062723c751e8b465ee728b) (PreviewImporter) -> (artifact id: '4f3b983165c5d09aeb82e28d645a5472') in 0.0338633 seconds
Number of updated asset objects reloaded before import = 0Number of asset objects unloaded after import = 7

========================================================================
Received Import Request.
  Time since last request: 2.078816 seconds.
  path: Assets/Animations/catapultaSandia/catapulta03_0.prefab
  artifactKey: Guid(0b591735a5c2fb540aa82eb8c34a2185) Importer(815301076,1909f56bfc062723c751e8b465ee728b)
Start importing Assets/Animations/catapultaSandia/catapulta03_0.prefab using Guid(0b591735a5c2fb540aa82eb8c34a2185) Importer(815301076,1909f56bfc062723c751e8b465ee728b) (PreviewImporter) -> (artifact id: '07471f63aab75f0fe59c17f2cbe4d330') in 0.032996 seconds
Number of updated asset objects reloaded before import = 0Number of asset objects unloaded after import = 7

========================================================================
Received Import Request.
  Time since last request: 1.446824 seconds.
  path: Assets/Animations/catapultaSandia/catapulta04_0.prefab
  artifactKey: Guid(7e3396b12abf8064c96a725b0b87e4ec) Importer(815301076,1909f56bfc062723c751e8b465ee728b)
Start importing Assets/Animations/catapultaSandia/catapulta04_0.prefab using Guid(7e3396b12abf8064c96a725b0b87e4ec) Importer(815301076,1909f56bfc062723c751e8b465ee728b) (PreviewImporter) -> (artifact id: '5867692b226c5fdae122fae9694326a1') in 0.0286253 seconds
Number of updated asset objects reloaded before import = 0Number of asset objects unloaded after import = 7

========================================================================
Received Import Request.
  Time since last request: 1.582627 seconds.
  path: Assets/Animations/catapultaSandia/catapulta05_0.prefab
  artifactKey: Guid(f78f818b76c64a64ba8bfed93a269f46) Importer(815301076,1909f56bfc062723c751e8b465ee728b)
Start importing Assets/Animations/catapultaSandia/catapulta05_0.prefab using Guid(f78f818b76c64a64ba8bfed93a269f46) Importer(815301076,1909f56bfc062723c751e8b465ee728b) (PreviewImporter) -> (artifact id: 'a95ddfa1572c57b246b0998b4de33877') in 0.0305723 seconds
Number of updated asset objects reloaded before import = 0Number of asset objects unloaded after import = 7

========================================================================
Received Import Request.
  Time since last request: 1.552702 seconds.
  path: Assets/Animations/catapultaSandia/catapulta06_0.prefab
  artifactKey: Guid(149a6a95f2a2583468f99a15b06c56ad) Importer(815301076,1909f56bfc062723c751e8b465ee728b)
Start importing Assets/Animations/catapultaSandia/catapulta06_0.prefab using Guid(149a6a95f2a2583468f99a15b06c56ad) Importer(815301076,1909f56bfc062723c751e8b465ee728b) (PreviewImporter) -> (artifact id: '28dc952dcc87651bc17ec2a272a2c933') in 0.0264196 seconds
Number of updated asset objects reloaded before import = 0Number of asset objects unloaded after import = 7

========================================================================
Received Import Request.
  Time since last request: 246.645674 seconds.
  path: Assets/Sprites/weapons/catapultaSandia/catapulta01.png
  artifactKey: Guid(3678c6de39aad0540b1f9a411cbfa3b3) Importer(815301076,1909f56bfc062723c751e8b465ee728b)
Start importing Assets/Sprites/weapons/catapultaSandia/catapulta01.png using Guid(3678c6de39aad0540b1f9a411cbfa3b3) Importer(815301076,1909f56bfc062723c751e8b465ee728b) (PreviewImporter) -> (artifact id: '05128bb571bba88b07aaa68d8593dd34') in 0.0449672 seconds
Number of updated asset objects reloaded before import = 0Number of asset objects unloaded after import = 4

========================================================================
Received Import Request.
  Time since last request: 73.943833 seconds.
  path: Assets/Sprites/weapons/catapultaSandia/catapulta01.png
  artifactKey: Guid(3678c6de39aad0540b1f9a411cbfa3b3) Importer(815301076,1909f56bfc062723c751e8b465ee728b)
Start importing Assets/Sprites/weapons/catapultaSandia/catapulta01.png using Guid(3678c6de39aad0540b1f9a411cbfa3b3) Importer(815301076,1909f56bfc062723c751e8b465ee728b) (PreviewImporter) -> (artifact id: '33568bb82050c487cdace3944c42c43d') in 0.0498617 seconds
Number of updated asset objects reloaded before import = 0Number of asset objects unloaded after import = 4

========================================================================
Received Import Request.
  Time since last request: 26.121822 seconds.
  path: Assets/Sprites/weapons/catapultaSandia/catapulta01.png
  artifactKey: Guid(3678c6de39aad0540b1f9a411cbfa3b3) Importer(815301076,1909f56bfc062723c751e8b465ee728b)
Start importing Assets/Sprites/weapons/catapultaSandia/catapulta01.png using Guid(3678c6de39aad0540b1f9a411cbfa3b3) Importer(815301076,1909f56bfc062723c751e8b465ee728b) (PreviewImporter) -> (artifact id: '4a44256d78699eb08384a1670e323f5f') in 0.0370333 seconds
Number of updated asset objects reloaded before import = 0Number of asset objects unloaded after import = 4

========================================================================
Received Import Request.
  Time since last request: 30.282202 seconds.
  path: Assets/Sprites/weapons/catapultaSandia/catapulta01.png
  artifactKey: Guid(3678c6de39aad0540b1f9a411cbfa3b3) Importer(815301076,1909f56bfc062723c751e8b465ee728b)
Start importing Assets/Sprites/weapons/catapultaSandia/catapulta01.png using Guid(3678c6de39aad0540b1f9a411cbfa3b3) Importer(815301076,1909f56bfc062723c751e8b465ee728b) (PreviewImporter) -> (artifact id: '1863091d4f5d5a67cd70f8c87ff4cec0') in 0.0421181 seconds
Number of updated asset objects reloaded before import = 0Number of asset objects unloaded after import = 4

========================================================================
Received Import Request.
  Time since last request: 5.055252 seconds.
  path: Assets/Sprites/weapons/catapultaSandia/catapulta01.png
  artifactKey: Guid(3678c6de39aad0540b1f9a411cbfa3b3) Importer(815301076,1909f56bfc062723c751e8b465ee728b)
Start importing Assets/Sprites/weapons/catapultaSandia/catapulta01.png using Guid(3678c6de39aad0540b1f9a411cbfa3b3) Importer(815301076,1909f56bfc062723c751e8b465ee728b) (PreviewImporter) -> (artifact id: '8b1cad05780d276f2927dbbd0010834e') in 0.0375239 seconds
Number of updated asset objects reloaded before import = 0Number of asset objects unloaded after import = 4

========================================================================
Received Import Request.
  Time since last request: 46.101880 seconds.
  path: Assets/Sprites/weapons/catapultaSandia/catapulta02.png
  artifactKey: Guid(9d5442fe2590224418de35655b201cc5) Importer(815301076,1909f56bfc062723c751e8b465ee728b)
Start importing Assets/Sprites/weapons/catapultaSandia/catapulta02.png using Guid(9d5442fe2590224418de35655b201cc5) Importer(815301076,1909f56bfc062723c751e8b465ee728b) (PreviewImporter) -> (artifact id: 'd9d792712e09cea3c058fe81e39b0671') in 0.0502489 seconds
Number of updated asset objects reloaded before import = 0Number of asset objects unloaded after import = 6

========================================================================
Received Import Request.
  Time since last request: 7.886817 seconds.
  path: Assets/Sprites/weapons/catapultaSandia/catapulta03.png
  artifactKey: Guid(dd1a2f194aed73c449d3cccc804e7692) Importer(815301076,1909f56bfc062723c751e8b465ee728b)
Start importing Assets/Sprites/weapons/catapultaSandia/catapulta03.png using Guid(dd1a2f194aed73c449d3cccc804e7692) Importer(815301076,1909f56bfc062723c751e8b465ee728b) (PreviewImporter) -> (artifact id: 'd5c6b055bf130b28a225792cdd8d50b0') in 0.0567893 seconds
Number of updated asset objects reloaded before import = 0Number of asset objects unloaded after import = 6

========================================================================
Received Import Request.
  Time since last request: 5.867381 seconds.
  path: Assets/Sprites/weapons/catapultaSandia/catapulta04.png
  artifactKey: Guid(4a660f2848817374ca0a8f22d61418f8) Importer(815301076,1909f56bfc062723c751e8b465ee728b)
Start importing Assets/Sprites/weapons/catapultaSandia/catapulta04.png using Guid(4a660f2848817374ca0a8f22d61418f8) Importer(815301076,1909f56bfc062723c751e8b465ee728b) (PreviewImporter) -> (artifact id: 'a705ee8083376e4cc996b75e716f5fd8') in 0.0554858 seconds
Number of updated asset objects reloaded before import = 0Number of asset objects unloaded after import = 6

========================================================================
Received Import Request.
  Time since last request: 4.719540 seconds.
  path: Assets/Sprites/weapons/catapultaSandia/catapulta05.png
  artifactKey: Guid(51869479700e47c4ba0a1d75dee58070) Importer(815301076,1909f56bfc062723c751e8b465ee728b)
Start importing Assets/Sprites/weapons/catapultaSandia/catapulta05.png using Guid(51869479700e47c4ba0a1d75dee58070) Importer(815301076,1909f56bfc062723c751e8b465ee728b) (PreviewImporter) -> (artifact id: '9c7818b4397f0a6f9dfe16d1354912d0') in 0.0686647 seconds
Number of updated asset objects reloaded before import = 0Number of asset objects unloaded after import = 6

========================================================================
Received Import Request.
  Time since last request: 6.362328 seconds.
  path: Assets/Sprites/weapons/catapultaSandia/catapulta06.png
  artifactKey: Guid(8ef0748152d33e841893cfe416e8416c) Importer(815301076,1909f56bfc062723c751e8b465ee728b)
Start importing Assets/Sprites/weapons/catapultaSandia/catapulta06.png using Guid(8ef0748152d33e841893cfe416e8416c) Importer(815301076,1909f56bfc062723c751e8b465ee728b) (PreviewImporter) -> (artifact id: 'ac87c079e7a75c881dbd2d0c243fa561') in 0.0546997 seconds
Number of updated asset objects reloaded before import = 0Number of asset objects unloaded after import = 4

========================================================================
Received Import Request.
  Time since last request: 20.020173 seconds.
  path: Assets/Sprites/weapons/catapultaSandia/catapulta01_0.controller
  artifactKey: Guid(71aa8fcbf95e92b43af8a314d1354d3e) Importer(815301076,1909f56bfc062723c751e8b465ee728b)
Start importing Assets/Sprites/weapons/catapultaSandia/catapulta01_0.controller using Guid(71aa8fcbf95e92b43af8a314d1354d3e) Importer(815301076,1909f56bfc062723c751e8b465ee728b) (PreviewImporter) -> (artifact id: 'd49d6f1d539c0ef252c9358982737965') in 0.0016031 seconds
Number of updated asset objects reloaded before import = 0Number of asset objects unloaded after import = 1

========================================================================
Received Import Request.
  Time since last request: 12.546488 seconds.
  path: Assets/Sprites/weapons/catapultaSandia/catapultaSandiaController.controller
  artifactKey: Guid(71aa8fcbf95e92b43af8a314d1354d3e) Importer(815301076,1909f56bfc062723c751e8b465ee728b)
Start importing Assets/Sprites/weapons/catapultaSandia/catapultaSandiaController.controller using Guid(71aa8fcbf95e92b43af8a314d1354d3e) Importer(815301076,1909f56bfc062723c751e8b465ee728b) (PreviewImporter) -> (artifact id: '49199918fb2a45c65621694eb776dc69') in 0.0014107 seconds
Number of updated asset objects reloaded before import = 0Number of asset objects unloaded after import = 4

========================================================================
Received Import Request.
  Time since last request: 25.665924 seconds.
  path: Assets/Prefabs/catapulta01_0 (1).prefab
  artifactKey: Guid(df9d0e4d172292a4d872064043b8d757) Importer(815301076,1909f56bfc062723c751e8b465ee728b)
Start importing Assets/Prefabs/catapulta01_0 (1).prefab using Guid(df9d0e4d172292a4d872064043b8d757) Importer(815301076,1909f56bfc062723c751e8b465ee728b) (PreviewImporter) -> (artifact id: '43a345293b353de8961bea96c5046ceb') in 0.0527612 seconds
Number of updated asset objects reloaded before import = 0Number of asset objects unloaded after import = 15

========================================================================
Received Import Request.
  Time since last request: 5.752148 seconds.
  path: Assets/Prefabs/catapulta01_0 (1).prefab
  artifactKey: Guid(df9d0e4d172292a4d872064043b8d757) Importer(815301076,1909f56bfc062723c751e8b465ee728b)
Start importing Assets/Prefabs/catapulta01_0 (1).prefab using Guid(df9d0e4d172292a4d872064043b8d757) Importer(815301076,1909f56bfc062723c751e8b465ee728b) (PreviewImporter) -> (artifact id: 'd38c2820fe6d8667ca4c7239b17a05a9') in 0.048462 seconds
Number of updated asset objects reloaded before import = 0Number of asset objects unloaded after import = 19

========================================================================
Received Import Request.
  Time since last request: 171.543035 seconds.
  path: Assets/Prefabs/catapulta01_0 (1).prefab
  artifactKey: Guid(df9d0e4d172292a4d872064043b8d757) Importer(815301076,1909f56bfc062723c751e8b465ee728b)
Start importing Assets/Prefabs/catapulta01_0 (1).prefab using Guid(df9d0e4d172292a4d872064043b8d757) Importer(815301076,1909f56bfc062723c751e8b465ee728b) (PreviewImporter) -> (artifact id: '3e76556abf0fa60215a5887c2475de2c') in 0.043605 seconds
Number of updated asset objects reloaded before import = 0Number of asset objects unloaded after import = 21

========================================================================
Received Import Request.
  Time since last request: 9.222807 seconds.
  path: Assets/Prefabs/catapulta01_0 (1).prefab
  artifactKey: Guid(df9d0e4d172292a4d872064043b8d757) Importer(815301076,1909f56bfc062723c751e8b465ee728b)
Start importing Assets/Prefabs/catapulta01_0 (1).prefab using Guid(df9d0e4d172292a4d872064043b8d757) Importer(815301076,1909f56bfc062723c751e8b465ee728b) (PreviewImporter) -> (artifact id: 'c5fc51dea03865ee97bfb950020fbdad') in 0.0461637 seconds
Number of updated asset objects reloaded before import = 0Number of asset objects unloaded after import = 21

========================================================================
Received Import Request.
  Time since last request: 15.230158 seconds.
  path: Assets/Prefabs/catapulta01_0 (1).prefab
  artifactKey: Guid(df9d0e4d172292a4d872064043b8d757) Importer(815301076,1909f56bfc062723c751e8b465ee728b)
Start importing Assets/Prefabs/catapulta01_0 (1).prefab using Guid(df9d0e4d172292a4d872064043b8d757) Importer(815301076,1909f56bfc062723c751e8b465ee728b) (PreviewImporter) -> (artifact id: 'e42f968888530796edbf1a89461644a5') in 0.0220207 seconds
Number of updated asset objects reloaded before import = 0Number of asset objects unloaded after import = 21

========================================================================
Received Import Request.
  Time since last request: 4.173609 seconds.
  path: Assets/Prefabs/catapulta01_0 (1).prefab
  artifactKey: Guid(df9d0e4d172292a4d872064043b8d757) Importer(815301076,1909f56bfc062723c751e8b465ee728b)
Start importing Assets/Prefabs/catapulta01_0 (1).prefab using Guid(df9d0e4d172292a4d872064043b8d757) Importer(815301076,1909f56bfc062723c751e8b465ee728b) (PreviewImporter) -> (artifact id: '1bca26f868b9793723333074d4512737') in 0.0215894 seconds
Number of updated asset objects reloaded before import = 0Number of asset objects unloaded after import = 21

========================================================================
Received Import Request.
  Time since last request: 23.970006 seconds.
  path: Assets/Prefabs/catapulta01_0 (1).prefab
  artifactKey: Guid(df9d0e4d172292a4d872064043b8d757) Importer(815301076,1909f56bfc062723c751e8b465ee728b)
Start importing Assets/Prefabs/catapulta01_0 (1).prefab using Guid(df9d0e4d172292a4d872064043b8d757) Importer(815301076,1909f56bfc062723c751e8b465ee728b) (PreviewImporter) -> (artifact id: 'df745518c4c73ffe881099bb6a8b678b') in 0.0393946 seconds
Number of updated asset objects reloaded before import = 0Number of asset objects unloaded after import = 21

========================================================================
Received Import Request.
  Time since last request: 0.536829 seconds.
  path: Assets/Prefabs/catapulta01_0 (1).prefab
  artifactKey: Guid(df9d0e4d172292a4d872064043b8d757) Importer(815301076,1909f56bfc062723c751e8b465ee728b)
Start importing Assets/Prefabs/catapulta01_0 (1).prefab using Guid(df9d0e4d172292a4d872064043b8d757) Importer(815301076,1909f56bfc062723c751e8b465ee728b) (PreviewImporter) -> (artifact id: '08800173d701fbaefefd6c538eac7e3e') in 0.0405705 seconds
Number of updated asset objects reloaded before import = 0Number of asset objects unloaded after import = 21

========================================================================
Received Import Request.
  Time since last request: 12.691777 seconds.
  path: Assets/Prefabs/catapulta01_0 (1).prefab
  artifactKey: Guid(df9d0e4d172292a4d872064043b8d757) Importer(815301076,1909f56bfc062723c751e8b465ee728b)
Start importing Assets/Prefabs/catapulta01_0 (1).prefab using Guid(df9d0e4d172292a4d872064043b8d757) Importer(815301076,1909f56bfc062723c751e8b465ee728b) (PreviewImporter) -> (artifact id: 'aa341a9a057e6a4c323a901ecde339aa') in 0.0428809 seconds
Number of updated asset objects reloaded before import = 0Number of asset objects unloaded after import = 21

========================================================================
Received Import Request.
  Time since last request: 10.645153 seconds.
  path: Assets/Prefabs/catapulta01_0 (1).prefab
  artifactKey: Guid(df9d0e4d172292a4d872064043b8d757) Importer(815301076,1909f56bfc062723c751e8b465ee728b)
Start importing Assets/Prefabs/catapulta01_0 (1).prefab using Guid(df9d0e4d172292a4d872064043b8d757) Importer(815301076,1909f56bfc062723c751e8b465ee728b) (PreviewImporter) -> (artifact id: '0b3d26502c33bc7b18e8bbfbe632ebd7') in 0.0316187 seconds
Number of updated asset objects reloaded before import = 0Number of asset objects unloaded after import = 21

========================================================================
Received Import Request.
  Time since last request: 28.427020 seconds.
  path: Assets/Prefabs/catapultaSandiaPrefab.prefab
  artifactKey: Guid(df9d0e4d172292a4d872064043b8d757) Importer(815301076,1909f56bfc062723c751e8b465ee728b)
Start importing Assets/Prefabs/catapultaSandiaPrefab.prefab using Guid(df9d0e4d172292a4d872064043b8d757) Importer(815301076,1909f56bfc062723c751e8b465ee728b) (PreviewImporter) -> (artifact id: '27d02087cbd1644c5c20321433bafcaa') in 0.0466508 seconds
Number of updated asset objects reloaded before import = 0Number of asset objects unloaded after import = 21

========================================================================
Received Import Request.
  Time since last request: 49.044595 seconds.
  path: Assets/Scrips/WeaponPickup.cs
  artifactKey: Guid(7d5fa036e4150d84a94bc91e0f0efc59) Importer(815301076,1909f56bfc062723c751e8b465ee728b)
Start importing Assets/Scrips/WeaponPickup.cs using Guid(7d5fa036e4150d84a94bc91e0f0efc59) Importer(815301076,1909f56bfc062723c751e8b465ee728b) (PreviewImporter) -> (artifact id: '2fa4d146b641728e464fb42daeddb669') in 0.0009617 seconds
Number of updated asset objects reloaded before import = 0Number of asset objects unloaded after import = 0

========================================================================
Received Prepare
Begin MonoManager ReloadAssembly
- Loaded All Assemblies, in  0.640 seconds
Refreshing native plugins compatible for Editor in 1.50 ms, found 4 plugins.
Native extension for WindowsStandalone target not found
Mono: successfully reloaded assembly
- Finished resetting the current domain, in  0.674 seconds
Domain Reload Profiling: 1312ms
	BeginReloadAssembly (192ms)
		ExecutionOrderSort (0ms)
		DisableScriptedObjects (25ms)
		BackupInstance (0ms)
		ReleaseScriptingObjects (0ms)
		CreateAndSetChildDomain (49ms)
	RebuildCommonClasses (27ms)
	RebuildNativeTypeToScriptingClass (9ms)
	initialDomainReloadingComplete (25ms)
	LoadAllAssembliesAndSetupDomain (385ms)
		LoadAssemblies (304ms)
		RebuildTransferFunctionScriptingTraits (0ms)
		AnalyzeDomain (157ms)
			TypeCache.Refresh (7ms)
				TypeCache.ScanAssembly (0ms)
			BuildScriptInfoCaches (138ms)
			ResolveRequiredComponents (9ms)
	FinalizeReload (674ms)
		ReleaseScriptCaches (0ms)
		RebuildScriptCaches (0ms)
		SetupLoadedEditorAssemblies (501ms)
			LogAssemblyErrors (0ms)
			InitializePlatformSupportModulesInManaged (2ms)
			SetLoadedEditorAssemblies (5ms)
			BeforeProcessingInitializeOnLoad (104ms)
			ProcessInitializeOnLoadAttributes (325ms)
			ProcessInitializeOnLoadMethodAttributes (59ms)
			AfterProcessingInitializeOnLoad (6ms)
			EditorAssembliesLoaded (0ms)
		ExecutionOrderSort2 (0ms)
		AwakeInstancesAfterBackupRestoration (15ms)
Refreshing native plugins compatible for Editor in 1.98 ms, found 4 plugins.
Preloading 0 native plugins for Editor in 0.00 ms.
Unloading 36 Unused Serialized files (Serialized files now loaded: 0)
Unloading 6735 unused Assets / (7.4 MB). Loaded Objects now: 7572.
Memory consumption went from 164.6 MB to 157.2 MB.
Total: 9.662200 ms (FindLiveObjects: 0.623500 ms CreateObjectMapping: 0.571700 ms MarkObjects: 4.622300 ms  DeleteObjects: 3.843600 ms)

Prepare: number of updated asset objects reloaded= 0
========================================================================
Received Import Request.
  Time since last request: 318.529686 seconds.
  path: Assets/Prefabs/catapultaSandiaPrefab.prefab
  artifactKey: Guid(df9d0e4d172292a4d872064043b8d757) Importer(815301076,1909f56bfc062723c751e8b465ee728b)
Start importing Assets/Prefabs/catapultaSandiaPrefab.prefab using Guid(df9d0e4d172292a4d872064043b8d757) Importer(815301076,1909f56bfc062723c751e8b465ee728b) (PreviewImporter) -> (artifact id: '10859bacf07cfdee2b9dfc5a71548c4b') in 0.4270141 seconds
Number of updated asset objects reloaded before import = 0Number of asset objects unloaded after import = 22

========================================================================
Received Prepare
Begin MonoManager ReloadAssembly
- Loaded All Assemblies, in  0.628 seconds
Refreshing native plugins compatible for Editor in 1.46 ms, found 4 plugins.
Native extension for WindowsStandalone target not found
Mono: successfully reloaded assembly
- Finished resetting the current domain, in  0.679 seconds
Domain Reload Profiling: 1306ms
	BeginReloadAssembly (183ms)
		ExecutionOrderSort (0ms)
		DisableScriptedObjects (22ms)
		BackupInstance (0ms)
		ReleaseScriptingObjects (0ms)
		CreateAndSetChildDomain (44ms)
	RebuildCommonClasses (27ms)
	RebuildNativeTypeToScriptingClass (9ms)
	initialDomainReloadingComplete (25ms)
	LoadAllAssembliesAndSetupDomain (383ms)
		LoadAssemblies (299ms)
		RebuildTransferFunctionScriptingTraits (0ms)
		AnalyzeDomain (160ms)
			TypeCache.Refresh (7ms)
				TypeCache.ScanAssembly (0ms)
			BuildScriptInfoCaches (140ms)
			ResolveRequiredComponents (9ms)
	FinalizeReload (679ms)
		ReleaseScriptCaches (0ms)
		RebuildScriptCaches (0ms)
		SetupLoadedEditorAssemblies (505ms)
			LogAssemblyErrors (0ms)
			InitializePlatformSupportModulesInManaged (2ms)
			SetLoadedEditorAssemblies (4ms)
			BeforeProcessingInitializeOnLoad (109ms)
			ProcessInitializeOnLoadAttributes (323ms)
			ProcessInitializeOnLoadMethodAttributes (60ms)
			AfterProcessingInitializeOnLoad (6ms)
			EditorAssembliesLoaded (0ms)
		ExecutionOrderSort2 (0ms)
		AwakeInstancesAfterBackupRestoration (15ms)
Refreshing native plugins compatible for Editor in 2.26 ms, found 4 plugins.
Preloading 0 native plugins for Editor in 0.00 ms.
Unloading 36 Unused Serialized files (Serialized files now loaded: 0)
Unloading 6735 unused Assets / (7.0 MB). Loaded Objects now: 7596.
Memory consumption went from 166.2 MB to 159.1 MB.
Total: 9.362800 ms (FindLiveObjects: 0.704200 ms CreateObjectMapping: 0.535900 ms MarkObjects: 4.533000 ms  DeleteObjects: 3.588500 ms)

Prepare: number of updated asset objects reloaded= 0
========================================================================
Received Import Request.
  Time since last request: 330.255714 seconds.
  path: Assets/Prefabs/catapultaSandiaPrefab.prefab
  artifactKey: Guid(df9d0e4d172292a4d872064043b8d757) Importer(815301076,1909f56bfc062723c751e8b465ee728b)
Start importing Assets/Prefabs/catapultaSandiaPrefab.prefab using Guid(df9d0e4d172292a4d872064043b8d757) Importer(815301076,1909f56bfc062723c751e8b465ee728b) (PreviewImporter) -> (artifact id: 'f1f6c687a32a66554ca1d2dbaa827e96') in 0.4135163 seconds
Number of updated asset objects reloaded before import = 0Number of asset objects unloaded after import = 23

========================================================================
Received Prepare
Begin MonoManager ReloadAssembly
- Loaded All Assemblies, in  0.640 seconds
Refreshing native plugins compatible for Editor in 1.40 ms, found 4 plugins.
Native extension for WindowsStandalone target not found
Mono: successfully reloaded assembly
- Finished resetting the current domain, in  0.672 seconds
Domain Reload Profiling: 1310ms
	BeginReloadAssembly (193ms)
		ExecutionOrderSort (0ms)
		DisableScriptedObjects (22ms)
		BackupInstance (0ms)
		ReleaseScriptingObjects (0ms)
		CreateAndSetChildDomain (47ms)
	RebuildCommonClasses (28ms)
	RebuildNativeTypeToScriptingClass (10ms)
	initialDomainReloadingComplete (26ms)
	LoadAllAssembliesAndSetupDomain (381ms)
		LoadAssemblies (305ms)
		RebuildTransferFunctionScriptingTraits (0ms)
		AnalyzeDomain (157ms)
			TypeCache.Refresh (7ms)
				TypeCache.ScanAssembly (0ms)
			BuildScriptInfoCaches (137ms)
			ResolveRequiredComponents (9ms)
	FinalizeReload (673ms)
		ReleaseScriptCaches (0ms)
		RebuildScriptCaches (0ms)
		SetupLoadedEditorAssemblies (504ms)
			LogAssemblyErrors (0ms)
			InitializePlatformSupportModulesInManaged (1ms)
			SetLoadedEditorAssemblies (6ms)
			BeforeProcessingInitializeOnLoad (107ms)
			ProcessInitializeOnLoadAttributes (321ms)
			ProcessInitializeOnLoadMethodAttributes (61ms)
			AfterProcessingInitializeOnLoad (7ms)
			EditorAssembliesLoaded (0ms)
		ExecutionOrderSort2 (0ms)
		AwakeInstancesAfterBackupRestoration (16ms)
Refreshing native plugins compatible for Editor in 1.84 ms, found 4 plugins.
Preloading 0 native plugins for Editor in 0.00 ms.
Unloading 36 Unused Serialized files (Serialized files now loaded: 0)
Unloading 6735 unused Assets / (7.4 MB). Loaded Objects now: 7620.
Memory consumption went from 167.8 MB to 160.3 MB.
Total: 9.681000 ms (FindLiveObjects: 0.711900 ms CreateObjectMapping: 0.540500 ms MarkObjects: 4.576000 ms  DeleteObjects: 3.851200 ms)

Prepare: number of updated asset objects reloaded= 0
========================================================================
Received Prepare
Begin MonoManager ReloadAssembly
- Loaded All Assemblies, in  1.009 seconds
Refreshing native plugins compatible for Editor in 1.70 ms, found 4 plugins.
Native extension for WindowsStandalone target not found
Mono: successfully reloaded assembly
- Finished resetting the current domain, in  0.618 seconds
Domain Reload Profiling: 1613ms
	BeginReloadAssembly (269ms)
		ExecutionOrderSort (0ms)
		DisableScriptedObjects (19ms)
		BackupInstance (0ms)
		ReleaseScriptingObjects (0ms)
		CreateAndSetChildDomain (54ms)
	RebuildCommonClasses (53ms)
	RebuildNativeTypeToScriptingClass (16ms)
	initialDomainReloadingComplete (50ms)
	LoadAllAssembliesAndSetupDomain (606ms)
		LoadAssemblies (573ms)
		RebuildTransferFunctionScriptingTraits (0ms)
		AnalyzeDomain (173ms)
			TypeCache.Refresh (11ms)
				TypeCache.ScanAssembly (0ms)
			BuildScriptInfoCaches (149ms)
			ResolveRequiredComponents (9ms)
	FinalizeReload (618ms)
		ReleaseScriptCaches (0ms)
		RebuildScriptCaches (0ms)
		SetupLoadedEditorAssemblies (450ms)
			LogAssemblyErrors (0ms)
			InitializePlatformSupportModulesInManaged (1ms)
			SetLoadedEditorAssemblies (4ms)
			BeforeProcessingInitializeOnLoad (104ms)
			ProcessInitializeOnLoadAttributes (280ms)
			ProcessInitializeOnLoadMethodAttributes (55ms)
			AfterProcessingInitializeOnLoad (5ms)
			EditorAssembliesLoaded (0ms)
		ExecutionOrderSort2 (0ms)
		AwakeInstancesAfterBackupRestoration (13ms)
Refreshing native plugins compatible for Editor in 1.76 ms, found 4 plugins.
Preloading 0 native plugins for Editor in 0.00 ms.
Unloading 36 Unused Serialized files (Serialized files now loaded: 0)
Unloading 6735 unused Assets / (7.1 MB). Loaded Objects now: 7622.
Memory consumption went from 168.9 MB to 161.8 MB.
Total: 8.749100 ms (FindLiveObjects: 0.606200 ms CreateObjectMapping: 0.486300 ms MarkObjects: 4.095300 ms  DeleteObjects: 3.560200 ms)

Prepare: number of updated asset objects reloaded= 0
========================================================================
Received Prepare
Begin MonoManager ReloadAssembly
- Loaded All Assemblies, in  0.603 seconds
Refreshing native plugins compatible for Editor in 1.32 ms, found 4 plugins.
Native extension for WindowsStandalone target not found
Mono: successfully reloaded assembly
- Finished resetting the current domain, in  0.641 seconds
Domain Reload Profiling: 1242ms
	BeginReloadAssembly (165ms)
		ExecutionOrderSort (0ms)
		DisableScriptedObjects (12ms)
		BackupInstance (0ms)
		ReleaseScriptingObjects (0ms)
		CreateAndSetChildDomain (38ms)
	RebuildCommonClasses (27ms)
	RebuildNativeTypeToScriptingClass (9ms)
	initialDomainReloadingComplete (24ms)
	LoadAllAssembliesAndSetupDomain (376ms)
		LoadAssemblies (289ms)
		RebuildTransferFunctionScriptingTraits (0ms)
		AnalyzeDomain (161ms)
			TypeCache.Refresh (7ms)
				TypeCache.ScanAssembly (0ms)
			BuildScriptInfoCaches (141ms)
			ResolveRequiredComponents (8ms)
	FinalizeReload (641ms)
		ReleaseScriptCaches (0ms)
		RebuildScriptCaches (0ms)
		SetupLoadedEditorAssemblies (471ms)
			LogAssemblyErrors (0ms)
			InitializePlatformSupportModulesInManaged (2ms)
			SetLoadedEditorAssemblies (4ms)
			BeforeProcessingInitializeOnLoad (100ms)
			ProcessInitializeOnLoadAttributes (303ms)
			ProcessInitializeOnLoadMethodAttributes (57ms)
			AfterProcessingInitializeOnLoad (5ms)
			EditorAssembliesLoaded (0ms)
		ExecutionOrderSort2 (0ms)
		AwakeInstancesAfterBackupRestoration (14ms)
Refreshing native plugins compatible for Editor in 2.16 ms, found 4 plugins.
Preloading 0 native plugins for Editor in 0.00 ms.
Unloading 36 Unused Serialized files (Serialized files now loaded: 0)
Unloading 6735 unused Assets / (7.2 MB). Loaded Objects now: 7624.
Memory consumption went from 170.4 MB to 163.1 MB.
Total: 9.058200 ms (FindLiveObjects: 0.716200 ms CreateObjectMapping: 0.681200 ms MarkObjects: 4.551700 ms  DeleteObjects: 3.107900 ms)

Prepare: number of updated asset objects reloaded= 0
========================================================================
Received Import Request.
  Time since last request: 150.311610 seconds.
  path: Assets/Prefabs/catapultaSandiaPrefab.prefab
  artifactKey: Guid(df9d0e4d172292a4d872064043b8d757) Importer(815301076,1909f56bfc062723c751e8b465ee728b)
Start importing Assets/Prefabs/catapultaSandiaPrefab.prefab using Guid(df9d0e4d172292a4d872064043b8d757) Importer(815301076,1909f56bfc062723c751e8b465ee728b) (PreviewImporter) -> (artifact id: 'acbb61630ce48250ce75e1636a89fbb0') in 0.4299748 seconds
Number of updated asset objects reloaded before import = 0Number of asset objects unloaded after import = 23

========================================================================
Received Import Request.
  Time since last request: 36.450680 seconds.
  path: Assets/Prefabs/catapultaSandiaPrefab.prefab
  artifactKey: Guid(df9d0e4d172292a4d872064043b8d757) Importer(815301076,1909f56bfc062723c751e8b465ee728b)
Start importing Assets/Prefabs/catapultaSandiaPrefab.prefab using Guid(df9d0e4d172292a4d872064043b8d757) Importer(815301076,1909f56bfc062723c751e8b465ee728b) (PreviewImporter) -> (artifact id: '95f2e558752d6d5060ea7627b3537076') in 0.0542851 seconds
Number of updated asset objects reloaded before import = 0Number of asset objects unloaded after import = 22

========================================================================
Received Import Request.
  Time since last request: 7.473543 seconds.
  path: ProjectSettings/TagManager.asset
  artifactKey: Guid(00000000000000003000000000000000) Importer(815301076,1909f56bfc062723c751e8b465ee728b)
Start importing ProjectSettings/TagManager.asset using Guid(00000000000000003000000000000000) Importer(815301076,1909f56bfc062723c751e8b465ee728b) (PreviewImporter) -> (artifact id: '888260115f78692048f37c1c5ce48f5b') in 0.0010857 seconds
Number of updated asset objects reloaded before import = 0Number of asset objects unloaded after import = 0

========================================================================
Received Import Request.
  Time since last request: 86.283880 seconds.
  path: Assets/Prefabs/catapultaSandiaPrefab.prefab
  artifactKey: Guid(df9d0e4d172292a4d872064043b8d757) Importer(815301076,1909f56bfc062723c751e8b465ee728b)
Start importing Assets/Prefabs/catapultaSandiaPrefab.prefab using Guid(df9d0e4d172292a4d872064043b8d757) Importer(815301076,1909f56bfc062723c751e8b465ee728b) (PreviewImporter) -> (artifact id: '486d90c4caec3e8ad0b6f65512cf3ce5') in 0.0474971 seconds
Number of updated asset objects reloaded before import = 0Number of asset objects unloaded after import = 22

========================================================================
Received Prepare
Begin MonoManager ReloadAssembly
- Loaded All Assemblies, in  0.643 seconds
Refreshing native plugins compatible for Editor in 2.20 ms, found 4 plugins.
Native extension for WindowsStandalone target not found
Mono: successfully reloaded assembly
- Finished resetting the current domain, in  0.621 seconds
Domain Reload Profiling: 1262ms
	BeginReloadAssembly (185ms)
		ExecutionOrderSort (0ms)
		DisableScriptedObjects (21ms)
		BackupInstance (0ms)
		ReleaseScriptingObjects (0ms)
		CreateAndSetChildDomain (45ms)
	RebuildCommonClasses (27ms)
	RebuildNativeTypeToScriptingClass (9ms)
	initialDomainReloadingComplete (25ms)
	LoadAllAssembliesAndSetupDomain (394ms)
		LoadAssemblies (305ms)
		RebuildTransferFunctionScriptingTraits (0ms)
		AnalyzeDomain (167ms)
			TypeCache.Refresh (7ms)
				TypeCache.ScanAssembly (0ms)
			BuildScriptInfoCaches (147ms)
			ResolveRequiredComponents (9ms)
	FinalizeReload (621ms)
		ReleaseScriptCaches (0ms)
		RebuildScriptCaches (0ms)
		SetupLoadedEditorAssemblies (460ms)
			LogAssemblyErrors (0ms)
			InitializePlatformSupportModulesInManaged (2ms)
			SetLoadedEditorAssemblies (5ms)
			BeforeProcessingInitializeOnLoad (101ms)
			ProcessInitializeOnLoadAttributes (292ms)
			ProcessInitializeOnLoadMethodAttributes (55ms)
			AfterProcessingInitializeOnLoad (5ms)
			EditorAssembliesLoaded (0ms)
		ExecutionOrderSort2 (0ms)
		AwakeInstancesAfterBackupRestoration (13ms)
Refreshing native plugins compatible for Editor in 2.34 ms, found 4 plugins.
Preloading 0 native plugins for Editor in 0.00 ms.
Unloading 36 Unused Serialized files (Serialized files now loaded: 0)
Unloading 6736 unused Assets / (7.1 MB). Loaded Objects now: 7648.
Memory consumption went from 169.3 MB to 162.2 MB.
Total: 9.681900 ms (FindLiveObjects: 0.636700 ms CreateObjectMapping: 0.619600 ms MarkObjects: 4.822800 ms  DeleteObjects: 3.601600 ms)

Prepare: number of updated asset objects reloaded= 0
========================================================================
Received Import Request.
  Time since last request: 366.370049 seconds.
  path: Assets/Prefabs/carro1.prefab
  artifactKey: Guid(c2b58dfc79c973a43a38bc6621ed986f) Importer(815301076,1909f56bfc062723c751e8b465ee728b)
Start importing Assets/Prefabs/carro1.prefab using Guid(c2b58dfc79c973a43a38bc6621ed986f) Importer(815301076,1909f56bfc062723c751e8b465ee728b) (PreviewImporter) -> (artifact id: '93d1fb3579ade165d803b7020d25730d') in 0.4146123 seconds
Number of updated asset objects reloaded before import = 0Number of asset objects unloaded after import = 10

========================================================================
Received Import Request.
  Time since last request: 0.000034 seconds.
  path: Assets/Prefabs/carro3.prefab
  artifactKey: Guid(1eb0d12002c2de2479fcf52dbfc9f2f0) Importer(815301076,1909f56bfc062723c751e8b465ee728b)
Start importing Assets/Prefabs/carro3.prefab using Guid(1eb0d12002c2de2479fcf52dbfc9f2f0) Importer(815301076,1909f56bfc062723c751e8b465ee728b) (PreviewImporter) -> (artifact id: 'bc5642db5312c10dd1948fc2664951c6') in 0.0248523 seconds
Number of updated asset objects reloaded before import = 0Number of asset objects unloaded after import = 9

========================================================================
Received Import Request.
  Time since last request: 0.000032 seconds.
  path: Assets/Prefabs/carro5.prefab
  artifactKey: Guid(70ff5870fd9be7446b2f1f75534fdaa9) Importer(815301076,1909f56bfc062723c751e8b465ee728b)
Start importing Assets/Prefabs/carro5.prefab using Guid(70ff5870fd9be7446b2f1f75534fdaa9) Importer(815301076,1909f56bfc062723c751e8b465ee728b) (PreviewImporter) -> (artifact id: '1ab95d9f92b33cb0d859b11a1a8aced3') in 0.0084361 seconds
Number of updated asset objects reloaded before import = 0Number of asset objects unloaded after import = 9

========================================================================
Received Import Request.
  Time since last request: 5.550350 seconds.
  path: Assets/Prefabs/catapultaSandiaPrefab.prefab
  artifactKey: Guid(df9d0e4d172292a4d872064043b8d757) Importer(815301076,1909f56bfc062723c751e8b465ee728b)
Start importing Assets/Prefabs/catapultaSandiaPrefab.prefab using Guid(df9d0e4d172292a4d872064043b8d757) Importer(815301076,1909f56bfc062723c751e8b465ee728b) (PreviewImporter) -> (artifact id: 'ebdbef05416a8d8c5873a2196f0795ba') in 0.0440348 seconds
Number of updated asset objects reloaded before import = 0Number of asset objects unloaded after import = 22

========================================================================
Received Import Request.
  Time since last request: 2.742562 seconds.
  path: Assets/Prefabs/catapultaSandiaPrefab.prefab
  artifactKey: Guid(df9d0e4d172292a4d872064043b8d757) Importer(815301076,1909f56bfc062723c751e8b465ee728b)
Start importing Assets/Prefabs/catapultaSandiaPrefab.prefab using Guid(df9d0e4d172292a4d872064043b8d757) Importer(815301076,1909f56bfc062723c751e8b465ee728b) (PreviewImporter) -> (artifact id: 'a61f1ac23562693cdd519dbdcef0bfb0') in 0.0561572 seconds
Number of updated asset objects reloaded before import = 0Number of asset objects unloaded after import = 22

========================================================================
Received Import Request.
  Time since last request: 5.224609 seconds.
  path: Assets/Prefabs/catapultaSandiaPrefab.prefab
  artifactKey: Guid(df9d0e4d172292a4d872064043b8d757) Importer(815301076,1909f56bfc062723c751e8b465ee728b)
Start importing Assets/Prefabs/catapultaSandiaPrefab.prefab using Guid(df9d0e4d172292a4d872064043b8d757) Importer(815301076,1909f56bfc062723c751e8b465ee728b) (PreviewImporter) -> (artifact id: 'e753f32069fbcd6832fbcda259210be0') in 0.0513031 seconds
Number of updated asset objects reloaded before import = 0Number of asset objects unloaded after import = 22

========================================================================
Received Import Request.
  Time since last request: 1.958667 seconds.
  path: Assets/Prefabs/catapultaSandiaPrefab.prefab
  artifactKey: Guid(df9d0e4d172292a4d872064043b8d757) Importer(815301076,1909f56bfc062723c751e8b465ee728b)
Start importing Assets/Prefabs/catapultaSandiaPrefab.prefab using Guid(df9d0e4d172292a4d872064043b8d757) Importer(815301076,1909f56bfc062723c751e8b465ee728b) (PreviewImporter) -> (artifact id: 'd870011dabd637ff33a4504d446d94b5') in 0.0229909 seconds
Number of updated asset objects reloaded before import = 0Number of asset objects unloaded after import = 22

========================================================================
Received Prepare
Begin MonoManager ReloadAssembly
- Loaded All Assemblies, in  0.680 seconds
Refreshing native plugins compatible for Editor in 1.70 ms, found 4 plugins.
Native extension for WindowsStandalone target not found
Mono: successfully reloaded assembly
- Finished resetting the current domain, in  0.655 seconds
Domain Reload Profiling: 1334ms
	BeginReloadAssembly (191ms)
		ExecutionOrderSort (0ms)
		DisableScriptedObjects (21ms)
		BackupInstance (0ms)
		ReleaseScriptingObjects (0ms)
		CreateAndSetChildDomain (47ms)
	RebuildCommonClasses (27ms)
	RebuildNativeTypeToScriptingClass (11ms)
	initialDomainReloadingComplete (25ms)
	LoadAllAssembliesAndSetupDomain (424ms)
		LoadAssemblies (325ms)
		RebuildTransferFunctionScriptingTraits (0ms)
		AnalyzeDomain (179ms)
			TypeCache.Refresh (7ms)
				TypeCache.ScanAssembly (0ms)
			BuildScriptInfoCaches (160ms)
			ResolveRequiredComponents (9ms)
	FinalizeReload (656ms)
		ReleaseScriptCaches (0ms)
		RebuildScriptCaches (0ms)
		SetupLoadedEditorAssemblies (483ms)
			LogAssemblyErrors (0ms)
			InitializePlatformSupportModulesInManaged (2ms)
			SetLoadedEditorAssemblies (5ms)
			BeforeProcessingInitializeOnLoad (108ms)
			ProcessInitializeOnLoadAttributes (304ms)
			ProcessInitializeOnLoadMethodAttributes (60ms)
			AfterProcessingInitializeOnLoad (5ms)
			EditorAssembliesLoaded (0ms)
		ExecutionOrderSort2 (0ms)
		AwakeInstancesAfterBackupRestoration (16ms)
Refreshing native plugins compatible for Editor in 2.26 ms, found 4 plugins.
Preloading 0 native plugins for Editor in 0.00 ms.
Unloading 36 Unused Serialized files (Serialized files now loaded: 0)
Unloading 6735 unused Assets / (7.2 MB). Loaded Objects now: 7672.
Memory consumption went from 170.9 MB to 163.7 MB.
Total: 10.048300 ms (FindLiveObjects: 1.173500 ms CreateObjectMapping: 0.655200 ms MarkObjects: 4.657800 ms  DeleteObjects: 3.560700 ms)

Prepare: number of updated asset objects reloaded= 0
========================================================================
Received Import Request.
  Time since last request: 92.211937 seconds.
  path: Assets/Prefabs/catapultaSandiaPrefab.prefab
  artifactKey: Guid(df9d0e4d172292a4d872064043b8d757) Importer(815301076,1909f56bfc062723c751e8b465ee728b)
Start importing Assets/Prefabs/catapultaSandiaPrefab.prefab using Guid(df9d0e4d172292a4d872064043b8d757) Importer(815301076,1909f56bfc062723c751e8b465ee728b) (PreviewImporter) -> (artifact id: '5cd6e716f4a2292363822da4197ab8fa') in 0.4168758 seconds
Number of updated asset objects reloaded before import = 0Number of asset objects unloaded after import = 23

========================================================================
Received Import Request.
  Time since last request: 1.058882 seconds.
  path: Assets/Prefabs/catapultaSandiaPrefab.prefab
  artifactKey: Guid(df9d0e4d172292a4d872064043b8d757) Importer(815301076,1909f56bfc062723c751e8b465ee728b)
Start importing Assets/Prefabs/catapultaSandiaPrefab.prefab using Guid(df9d0e4d172292a4d872064043b8d757) Importer(815301076,1909f56bfc062723c751e8b465ee728b) (PreviewImporter) -> (artifact id: '2b7c89a8e5e7729ca12911a1e62da5f7') in 0.0298707 seconds
Number of updated asset objects reloaded before import = 0Number of asset objects unloaded after import = 22

========================================================================
Received Import Request.
  Time since last request: 3.621939 seconds.
  path: Assets/Prefabs/catapultaSandiaPrefab.prefab
  artifactKey: Guid(df9d0e4d172292a4d872064043b8d757) Importer(815301076,1909f56bfc062723c751e8b465ee728b)
Start importing Assets/Prefabs/catapultaSandiaPrefab.prefab using Guid(df9d0e4d172292a4d872064043b8d757) Importer(815301076,1909f56bfc062723c751e8b465ee728b) (PreviewImporter) -> (artifact id: 'a81017ce1fa540650d7a595f1b3e8b59') in 0.0411312 seconds
Number of updated asset objects reloaded before import = 0Number of asset objects unloaded after import = 22

========================================================================
Received Import Request.
  Time since last request: 1.489264 seconds.
  path: Assets/Prefabs/catapultaSandiaPrefab.prefab
  artifactKey: Guid(df9d0e4d172292a4d872064043b8d757) Importer(815301076,1909f56bfc062723c751e8b465ee728b)
Start importing Assets/Prefabs/catapultaSandiaPrefab.prefab using Guid(df9d0e4d172292a4d872064043b8d757) Importer(815301076,1909f56bfc062723c751e8b465ee728b) (PreviewImporter) -> (artifact id: '48e5345fec2c0dcfb158ea70176c8190') in 0.0394075 seconds
Number of updated asset objects reloaded before import = 0Number of asset objects unloaded after import = 22

========================================================================
Received Prepare
Begin MonoManager ReloadAssembly
- Loaded All Assemblies, in  0.618 seconds
Refreshing native plugins compatible for Editor in 1.42 ms, found 4 plugins.
Native extension for WindowsStandalone target not found
Mono: successfully reloaded assembly
- Finished resetting the current domain, in  0.633 seconds
Domain Reload Profiling: 1249ms
	BeginReloadAssembly (181ms)
		ExecutionOrderSort (0ms)
		DisableScriptedObjects (21ms)
		BackupInstance (0ms)
		ReleaseScriptingObjects (0ms)
		CreateAndSetChildDomain (43ms)
	RebuildCommonClasses (27ms)
	RebuildNativeTypeToScriptingClass (9ms)
	initialDomainReloadingComplete (25ms)
	LoadAllAssembliesAndSetupDomain (373ms)
		LoadAssemblies (285ms)
		RebuildTransferFunctionScriptingTraits (0ms)
		AnalyzeDomain (163ms)
			TypeCache.Refresh (7ms)
				TypeCache.ScanAssembly (0ms)
			BuildScriptInfoCaches (144ms)
			ResolveRequiredComponents (8ms)
	FinalizeReload (633ms)
		ReleaseScriptCaches (0ms)
		RebuildScriptCaches (0ms)
		SetupLoadedEditorAssemblies (464ms)
			LogAssemblyErrors (0ms)
			InitializePlatformSupportModulesInManaged (2ms)
			SetLoadedEditorAssemblies (4ms)
			BeforeProcessingInitializeOnLoad (105ms)
			ProcessInitializeOnLoadAttributes (296ms)
			ProcessInitializeOnLoadMethodAttributes (50ms)
			AfterProcessingInitializeOnLoad (6ms)
			EditorAssembliesLoaded (0ms)
		ExecutionOrderSort2 (0ms)
		AwakeInstancesAfterBackupRestoration (17ms)
Refreshing native plugins compatible for Editor in 1.87 ms, found 4 plugins.
Preloading 0 native plugins for Editor in 0.00 ms.
Unloading 36 Unused Serialized files (Serialized files now loaded: 0)
Unloading 6735 unused Assets / (7.2 MB). Loaded Objects now: 7696.
Memory consumption went from 172.5 MB to 165.3 MB.
Total: 10.123900 ms (FindLiveObjects: 0.645000 ms CreateObjectMapping: 0.953300 ms MarkObjects: 4.285500 ms  DeleteObjects: 4.239000 ms)

Prepare: number of updated asset objects reloaded= 0
========================================================================
Received Prepare
Begin MonoManager ReloadAssembly
- Loaded All Assemblies, in  0.618 seconds
Refreshing native plugins compatible for Editor in 1.86 ms, found 4 plugins.
Native extension for WindowsStandalone target not found
Mono: successfully reloaded assembly
- Finished resetting the current domain, in  0.636 seconds
Domain Reload Profiling: 1252ms
	BeginReloadAssembly (165ms)
		ExecutionOrderSort (0ms)
		DisableScriptedObjects (11ms)
		BackupInstance (0ms)
		ReleaseScriptingObjects (0ms)
		CreateAndSetChildDomain (38ms)
	RebuildCommonClasses (29ms)
	RebuildNativeTypeToScriptingClass (10ms)
	initialDomainReloadingComplete (24ms)
	LoadAllAssembliesAndSetupDomain (388ms)
		LoadAssemblies (295ms)
		RebuildTransferFunctionScriptingTraits (0ms)
		AnalyzeDomain (167ms)
			TypeCache.Refresh (6ms)
				TypeCache.ScanAssembly (0ms)
			BuildScriptInfoCaches (149ms)
			ResolveRequiredComponents (9ms)
	FinalizeReload (636ms)
		ReleaseScriptCaches (0ms)
		RebuildScriptCaches (0ms)
		SetupLoadedEditorAssemblies (472ms)
			LogAssemblyErrors (0ms)
			InitializePlatformSupportModulesInManaged (2ms)
			SetLoadedEditorAssemblies (5ms)
			BeforeProcessingInitializeOnLoad (107ms)
			ProcessInitializeOnLoadAttributes (292ms)
			ProcessInitializeOnLoadMethodAttributes (60ms)
			AfterProcessingInitializeOnLoad (6ms)
			EditorAssembliesLoaded (0ms)
		ExecutionOrderSort2 (0ms)
		AwakeInstancesAfterBackupRestoration (17ms)
Refreshing native plugins compatible for Editor in 2.14 ms, found 4 plugins.
Preloading 0 native plugins for Editor in 0.00 ms.
Unloading 36 Unused Serialized files (Serialized files now loaded: 0)
Unloading 6735 unused Assets / (7.3 MB). Loaded Objects now: 7698.
Memory consumption went from 173.6 MB to 166.4 MB.
Total: 9.522200 ms (FindLiveObjects: 0.621600 ms CreateObjectMapping: 0.622700 ms MarkObjects: 4.526800 ms  DeleteObjects: 3.749600 ms)

Prepare: number of updated asset objects reloaded= 0
========================================================================
Received Import Request.
  Time since last request: 211.945385 seconds.
  path: Assets/Prefabs/catapultaSandiaPrefab.prefab
  artifactKey: Guid(df9d0e4d172292a4d872064043b8d757) Importer(815301076,1909f56bfc062723c751e8b465ee728b)
Start importing Assets/Prefabs/catapultaSandiaPrefab.prefab using Guid(df9d0e4d172292a4d872064043b8d757) Importer(815301076,1909f56bfc062723c751e8b465ee728b) (PreviewImporter) -> (artifact id: 'f7a9c6bc491ca54f6aeb9c90cee47034') in 0.4181004 seconds
Number of updated asset objects reloaded before import = 0Number of asset objects unloaded after import = 23

========================================================================
Received Import Request.
  Time since last request: 1.816538 seconds.
  path: Assets/Prefabs/catapultaSandiaPrefab.prefab
  artifactKey: Guid(df9d0e4d172292a4d872064043b8d757) Importer(815301076,1909f56bfc062723c751e8b465ee728b)
Start importing Assets/Prefabs/catapultaSandiaPrefab.prefab using Guid(df9d0e4d172292a4d872064043b8d757) Importer(815301076,1909f56bfc062723c751e8b465ee728b) (PreviewImporter) -> (artifact id: '02131d346c99df9bd57c22489ee20f10') in 0.0298036 seconds
Number of updated asset objects reloaded before import = 0Number of asset objects unloaded after import = 22

========================================================================
Received Import Request.
  Time since last request: 2.547010 seconds.
  path: Assets/Prefabs/catapultaSandiaPrefab.prefab
  artifactKey: Guid(df9d0e4d172292a4d872064043b8d757) Importer(815301076,1909f56bfc062723c751e8b465ee728b)
Start importing Assets/Prefabs/catapultaSandiaPrefab.prefab using Guid(df9d0e4d172292a4d872064043b8d757) Importer(815301076,1909f56bfc062723c751e8b465ee728b) (PreviewImporter) -> (artifact id: 'b6083752239f02eda99da5bb1c26bc9a') in 0.0507284 seconds
Number of updated asset objects reloaded before import = 0Number of asset objects unloaded after import = 22

========================================================================
Received Prepare
Begin MonoManager ReloadAssembly
- Loaded All Assemblies, in  0.639 seconds
Refreshing native plugins compatible for Editor in 1.48 ms, found 4 plugins.
Native extension for WindowsStandalone target not found
Mono: successfully reloaded assembly
- Finished resetting the current domain, in  0.682 seconds
Domain Reload Profiling: 1319ms
	BeginReloadAssembly (192ms)
		ExecutionOrderSort (0ms)
		DisableScriptedObjects (23ms)
		BackupInstance (0ms)
		ReleaseScriptingObjects (0ms)
		CreateAndSetChildDomain (50ms)
	RebuildCommonClasses (27ms)
	RebuildNativeTypeToScriptingClass (10ms)
	initialDomainReloadingComplete (25ms)
	LoadAllAssembliesAndSetupDomain (384ms)
		LoadAssemblies (303ms)
		RebuildTransferFunctionScriptingTraits (0ms)
		AnalyzeDomain (158ms)
			TypeCache.Refresh (6ms)
				TypeCache.ScanAssembly (0ms)
			BuildScriptInfoCaches (140ms)
			ResolveRequiredComponents (9ms)
	FinalizeReload (682ms)
		ReleaseScriptCaches (0ms)
		RebuildScriptCaches (0ms)
		SetupLoadedEditorAssemblies (505ms)
			LogAssemblyErrors (0ms)
			InitializePlatformSupportModulesInManaged (2ms)
			SetLoadedEditorAssemblies (5ms)
			BeforeProcessingInitializeOnLoad (104ms)
			ProcessInitializeOnLoadAttributes (329ms)
			ProcessInitializeOnLoadMethodAttributes (59ms)
			AfterProcessingInitializeOnLoad (6ms)
			EditorAssembliesLoaded (0ms)
		ExecutionOrderSort2 (0ms)
		AwakeInstancesAfterBackupRestoration (17ms)
Refreshing native plugins compatible for Editor in 1.84 ms, found 4 plugins.
Preloading 0 native plugins for Editor in 0.00 ms.
Unloading 36 Unused Serialized files (Serialized files now loaded: 0)
Unloading 6735 unused Assets / (7.1 MB). Loaded Objects now: 7722.
Memory consumption went from 174.0 MB to 167.0 MB.
Total: 9.792100 ms (FindLiveObjects: 0.630300 ms CreateObjectMapping: 0.670700 ms MarkObjects: 4.613200 ms  DeleteObjects: 3.876800 ms)

Prepare: number of updated asset objects reloaded= 0
========================================================================
Received Prepare
Begin MonoManager ReloadAssembly
- Loaded All Assemblies, in  0.621 seconds
Refreshing native plugins compatible for Editor in 1.48 ms, found 4 plugins.
Native extension for WindowsStandalone target not found
Mono: successfully reloaded assembly
- Finished resetting the current domain, in  0.635 seconds
Domain Reload Profiling: 1254ms
	BeginReloadAssembly (166ms)
		ExecutionOrderSort (0ms)
		DisableScriptedObjects (11ms)
		BackupInstance (0ms)
		ReleaseScriptingObjects (0ms)
		CreateAndSetChildDomain (38ms)
	RebuildCommonClasses (29ms)
	RebuildNativeTypeToScriptingClass (10ms)
	initialDomainReloadingComplete (25ms)
	LoadAllAssembliesAndSetupDomain (389ms)
		LoadAssemblies (300ms)
		RebuildTransferFunctionScriptingTraits (0ms)
		AnalyzeDomain (166ms)
			TypeCache.Refresh (6ms)
				TypeCache.ScanAssembly (0ms)
			BuildScriptInfoCaches (148ms)
			ResolveRequiredComponents (8ms)
	FinalizeReload (635ms)
		ReleaseScriptCaches (0ms)
		RebuildScriptCaches (0ms)
		SetupLoadedEditorAssemblies (470ms)
			LogAssemblyErrors (0ms)
			InitializePlatformSupportModulesInManaged (1ms)
			SetLoadedEditorAssemblies (4ms)
			BeforeProcessingInitializeOnLoad (110ms)
			ProcessInitializeOnLoadAttributes (295ms)
			ProcessInitializeOnLoadMethodAttributes (54ms)
			AfterProcessingInitializeOnLoad (5ms)
			EditorAssembliesLoaded (0ms)
		ExecutionOrderSort2 (0ms)
		AwakeInstancesAfterBackupRestoration (16ms)
Refreshing native plugins compatible for Editor in 1.61 ms, found 4 plugins.
Preloading 0 native plugins for Editor in 0.00 ms.
Unloading 36 Unused Serialized files (Serialized files now loaded: 0)
Unloading 6735 unused Assets / (7.4 MB). Loaded Objects now: 7724.
Memory consumption went from 175.3 MB to 167.8 MB.
Total: 9.226300 ms (FindLiveObjects: 0.667500 ms CreateObjectMapping: 0.492000 ms MarkObjects: 4.268600 ms  DeleteObjects: 3.796700 ms)

Prepare: number of updated asset objects reloaded= 0
========================================================================
Received Import Request.
  Time since last request: 1096.476367 seconds.
  path: Assets/Prefabs/catapultaSandiaPrefab.prefab
  artifactKey: Guid(df9d0e4d172292a4d872064043b8d757) Importer(815301076,1909f56bfc062723c751e8b465ee728b)
Start importing Assets/Prefabs/catapultaSandiaPrefab.prefab using Guid(df9d0e4d172292a4d872064043b8d757) Importer(815301076,1909f56bfc062723c751e8b465ee728b) (PreviewImporter) -> (artifact id: 'd108f1ec0484f9d81e244d1db837021a') in 0.4250254 seconds
Number of updated asset objects reloaded before import = 0Number of asset objects unloaded after import = 23

========================================================================
Received Prepare
Begin MonoManager ReloadAssembly
- Loaded All Assemblies, in  0.826 seconds
Refreshing native plugins compatible for Editor in 1.85 ms, found 4 plugins.
Native extension for WindowsStandalone target not found
Mono: successfully reloaded assembly
- Finished resetting the current domain, in  0.661 seconds
Domain Reload Profiling: 1477ms
	BeginReloadAssembly (291ms)
		ExecutionOrderSort (0ms)
		DisableScriptedObjects (37ms)
		BackupInstance (0ms)
		ReleaseScriptingObjects (0ms)
		CreateAndSetChildDomain (59ms)
	RebuildCommonClasses (46ms)
	RebuildNativeTypeToScriptingClass (18ms)
	initialDomainReloadingComplete (48ms)
	LoadAllAssembliesAndSetupDomain (413ms)
		LoadAssemblies (382ms)
		RebuildTransferFunctionScriptingTraits (0ms)
		AnalyzeDomain (164ms)
			TypeCache.Refresh (8ms)
				TypeCache.ScanAssembly (0ms)
			BuildScriptInfoCaches (143ms)
			ResolveRequiredComponents (9ms)
	FinalizeReload (661ms)
		ReleaseScriptCaches (0ms)
		RebuildScriptCaches (0ms)
		SetupLoadedEditorAssemblies (481ms)
			LogAssemblyErrors (0ms)
			InitializePlatformSupportModulesInManaged (2ms)
			SetLoadedEditorAssemblies (4ms)
			BeforeProcessingInitializeOnLoad (111ms)
			ProcessInitializeOnLoadAttributes (304ms)
			ProcessInitializeOnLoadMethodAttributes (53ms)
			AfterProcessingInitializeOnLoad (6ms)
			EditorAssembliesLoaded (0ms)
		ExecutionOrderSort2 (0ms)
		AwakeInstancesAfterBackupRestoration (15ms)
Refreshing native plugins compatible for Editor in 1.62 ms, found 4 plugins.
Preloading 0 native plugins for Editor in 0.00 ms.
Unloading 36 Unused Serialized files (Serialized files now loaded: 0)
Unloading 6735 unused Assets / (6.9 MB). Loaded Objects now: 7748.
Memory consumption went from 175.6 MB to 168.8 MB.
Total: 8.669300 ms (FindLiveObjects: 0.680200 ms CreateObjectMapping: 0.546300 ms MarkObjects: 4.175500 ms  DeleteObjects: 3.266400 ms)

Prepare: number of updated asset objects reloaded= 0
========================================================================
Received Import Request.
  Time since last request: 86.008185 seconds.
  path: Assets/Prefabs/sandia_0.prefab
  artifactKey: Guid(5cbe8b8bc3a97fe408ac98b9a189e002) Importer(815301076,1909f56bfc062723c751e8b465ee728b)
Start importing Assets/Prefabs/sandia_0.prefab using Guid(5cbe8b8bc3a97fe408ac98b9a189e002) Importer(815301076,1909f56bfc062723c751e8b465ee728b) (PreviewImporter) -> (artifact id: '4249345010a01b56aaa3fcb1e9eea8d9') in 0.4008233 seconds
Number of updated asset objects reloaded before import = 0Number of asset objects unloaded after import = 9

========================================================================
Received Prepare
Begin MonoManager ReloadAssembly
- Loaded All Assemblies, in  0.991 seconds
Refreshing native plugins compatible for Editor in 2.67 ms, found 4 plugins.
Native extension for WindowsStandalone target not found
Mono: successfully reloaded assembly
- Finished resetting the current domain, in  1.092 seconds
Domain Reload Profiling: 2079ms
	BeginReloadAssembly (273ms)
		ExecutionOrderSort (0ms)
		DisableScriptedObjects (32ms)
		BackupInstance (0ms)
		ReleaseScriptingObjects (0ms)
		CreateAndSetChildDomain (59ms)
	RebuildCommonClasses (45ms)
	RebuildNativeTypeToScriptingClass (15ms)
	initialDomainReloadingComplete (37ms)
	LoadAllAssembliesAndSetupDomain (616ms)
		LoadAssemblies (480ms)
		RebuildTransferFunctionScriptingTraits (0ms)
		AnalyzeDomain (261ms)
			TypeCache.Refresh (11ms)
				TypeCache.ScanAssembly (0ms)
			BuildScriptInfoCaches (231ms)
			ResolveRequiredComponents (13ms)
	FinalizeReload (1093ms)
		ReleaseScriptCaches (0ms)
		RebuildScriptCaches (0ms)
		SetupLoadedEditorAssemblies (840ms)
			LogAssemblyErrors (0ms)
			InitializePlatformSupportModulesInManaged (2ms)
			SetLoadedEditorAssemblies (8ms)
			BeforeProcessingInitializeOnLoad (204ms)
			ProcessInitializeOnLoadAttributes (527ms)
			ProcessInitializeOnLoadMethodAttributes (90ms)
			AfterProcessingInitializeOnLoad (9ms)
			EditorAssembliesLoaded (0ms)
		ExecutionOrderSort2 (0ms)
		AwakeInstancesAfterBackupRestoration (27ms)
Refreshing native plugins compatible for Editor in 2.30 ms, found 4 plugins.
Preloading 0 native plugins for Editor in 0.00 ms.
Unloading 36 Unused Serialized files (Serialized files now loaded: 0)
Unloading 6735 unused Assets / (6.7 MB). Loaded Objects now: 7772.
Memory consumption went from 177.2 MB to 170.5 MB.
Total: 10.839300 ms (FindLiveObjects: 0.716900 ms CreateObjectMapping: 0.592700 ms MarkObjects: 5.751700 ms  DeleteObjects: 3.776800 ms)

Prepare: number of updated asset objects reloaded= 0
========================================================================
Received Import Request.
  Time since last request: 264.298591 seconds.
  path: Assets/Prefabs/catapultaSandiaPrefab.prefab
  artifactKey: Guid(df9d0e4d172292a4d872064043b8d757) Importer(815301076,1909f56bfc062723c751e8b465ee728b)
Start importing Assets/Prefabs/catapultaSandiaPrefab.prefab using Guid(df9d0e4d172292a4d872064043b8d757) Importer(815301076,1909f56bfc062723c751e8b465ee728b) (PreviewImporter) -> (artifact id: 'bd45044c524f66e20eca01917a175d06') in 0.4752578 seconds
Number of updated asset objects reloaded before import = 0Number of asset objects unloaded after import = 34

========================================================================
Received Import Request.
  Time since last request: 54.792153 seconds.
  path: Assets/Prefabs/catapultaSandiaTaker.prefab
  artifactKey: Guid(d4e2bded710fb7c478899f6b3421cadc) Importer(815301076,1909f56bfc062723c751e8b465ee728b)
Start importing Assets/Prefabs/catapultaSandiaTaker.prefab using Guid(d4e2bded710fb7c478899f6b3421cadc) Importer(815301076,1909f56bfc062723c751e8b465ee728b) (PreviewImporter) -> (artifact id: '3b9c7413c4c291432576f77a6e170b75') in 0.0579147 seconds
Number of updated asset objects reloaded before import = 0Number of asset objects unloaded after import = 39

